location,name,telefon lub inny kontakt,status,www1,last_activity_date,www2,email1,email2,address,city,date_created_text,description,dzien,miesiac,year_created,date_created,year_expired,full_address,lon,lat
PoznaÅ„,ZakÅ‚ad Makerspace,-,nieaktywny,https://www.facebook.com/zakladmakerspace/,2020-03-17T00:00:00Z,http://zaklad.org/,zaklad@zaklad.org,NA,NA,PoznaÅ„,20 lutego 2014,"Tworzymy przestrzeÅ„, ktÃ³ra pozwoli Ci zmaterializowaÄ‡ pomysÅ‚y, zwÅ‚aszcza te, na ktÃ³re w domu nie masz miejsca.
Tworzymy stanowiska warsztatowe z dostÄ™pem do narzÄ™dzi i maszyn, udostÄ™pniamy fachowÄ… wiedzÄ™, materiaÅ‚y i technologiÄ™.
W formie miejskiego warsztatu organizujemy przestrzenÌ, narzeÌ¨dzia, maszyny, kompetencje i usÅ‚ugi. Skupiamy spoÅ‚ecznosÌcÌ wytwoÌrcoÌw z Poznania.",20,2,2014,2014-02-20T00:00:00Z,2020,NA PoznaÅ„ Poland,16.934636,52.40257949999999
PoznaÅ„,PUT Lab,NA,nieaktywny,https://www.facebook.com/putlab/,2019-11-21T00:00:00Z,-,uczelnia@rkn.put.poznan.pl,NA,"Plac Marii SkÅ‚odowskiej-Curie 5, 60-965",PoznaÅ„,1 grudnia 2015,"Profil pierwszego w Polsce uczelnianego warsztatu dla KÃ³Å‚ Naukowych i Organizacji Studenckich.
Projekt zrealizowany z inicjatywy Rady KÃ³Å‚ Naukowych PP.",1,12,2015,2015-12-01T00:00:00Z,2019,"Plac Marii SkÅ‚odowskiej-Curie 5, 60-965 PoznaÅ„ Poland",16.9181014,52.39421549999999
PoznaÅ„,Pracownia Kuniec Dymbiec,-,aktywny,https://www.facebook.com/kuniecdymbiec/,2022-04-20T00:00:00Z,-,pracowniakuniecdymbiec@gmail.com,NA,Åozowa 77,PoznaÅ„,18 kwietnia 2016,"Pracownia ""Kuniec Dymbiec"" - alternatywny sposÃ³b spÄ™dzania wolnego czasu: twÃ³rczo i kreatywnie. ZNAJDZIESZ NAS W ZESPOLE SZKÃ“Å NR 2, UL. ÅOZOWA 77, POZNAÅƒ. WEJÅšCIE OD STRONY BOISKA, PRZY PLACU ZABAW.
Pracownia â€Kuniec Dymbiecâ€, to inicjatywa spoÅ‚eczna stworzona przez mieszkaÅ„cÃ³w DÄ™bca, niewielkiej dzielnicy na peryferiach Poznania. Przez osoby czujÄ…ce potrzebÄ™ tworzenia miejsca gromadzÄ…cego tutejsze dzieci, mÅ‚odzieÅ¼ oraz dorosÅ‚ych, ktÃ³re oferowaÅ‚oby im alternatywny sposÃ³b spÄ™dzania wolnego czasu: twÃ³rczo i kreatywnie.",18,4,2016,2016-04-18T00:00:00Z,2022,Åozowa 77 PoznaÅ„ Poland,16.9084676,52.3665876
ÅÃ³dÅº,FabLab ÅÃ³dÅº,-,nieaktywny,https://www.facebook.com/FabLabLodz/,2020-05-26T00:00:00Z,http://fablablodz.org/,piotr@fablablodz.org,kontakt@fablablodz.org,"Al. PiÅ‚sudskiego 135, 92-318",ÅÃ³dÅº,1 maja 2013,"Fundacja FabLab ÅÃ³dÅº promuje kulturÄ™ zaradnoÅ›ci poprzez szerzenie Å›wiadomoÅ›ci z dziedziny techniki, wzornictwa i sztuki.
JeÅ¼eli szukasz przestrzeni warsztatowej, aby wystartowaÄ‡ wÅ‚asny biznes, a moÅ¼e jedynie na chwilÄ™ skorzystaÄ‡ z warsztatu.
Chcesz poprowadziÄ‡ i rozwinÄ…Ä‡ wÅ‚asne dziaÅ‚ania warsztatowo-edukacyjne.
SpotykaÄ‡ ludzi i wymieniaÄ‡ doÅ›wiadczenia ze specjalistami z rÃ³Å¼nych dziedzin.
Skontaktuj siÄ™ z nami kontakt@fablablodz.org lub po prostu odwiedÅº nas.",1,5,2013,2013-05-01T00:00:00Z,2020,"Al. PiÅ‚sudskiego 135, 92-318 ÅÃ³dÅº Poland",19.5035132,51.7616004
ÅÃ³dÅº,PokÅ‚ad Makerspace,884 339 200,nieaktywny,https://www.facebook.com/PokladMakerspace/,2020-04-08T00:00:00Z,http://pokladldz.pl/,ahoj@pokladldz.pl,NA,"PiÅ‚sudskiego 135, 92-318",ÅÃ³dÅº,1 kwietnia 2018,NA,1,4,2018,2018-04-01T00:00:00Z,2020,"PiÅ‚sudskiego 135, 92-318 ÅÃ³dÅº Poland",19.5035132,51.7616004
ÅÃ³dÅº,Textilab,883 258 210,aktywny,https://www.facebook.com/Textilab-229607041062056/,2022-05-11T00:00:00Z,http://www.textilab.pl/,textilab.lodz@gmail.com,NA,"GdaÅ„ska 37/3, 90-715",ÅÃ³dÅº,23 sierpnia 2018,"Textilab to szkoleniowa i kreatywna pracownia krawiecka, ktÃ³ra w praktyce uszy pasjonatÃ³w i amatorÃ³w szycia i projektowania.",23,8,2018,2018-08-23T00:00:00Z,2022,"GdaÅ„ska 37/3, 90-715 ÅÃ³dÅº Poland",19.4479208,51.77260339999999
ÅÃ³dÅº,PodwÃ³rko HIllarego,731 579 777,nieaktywny,https://www.facebook.com/podworkohilarego/,2022-04-30T00:00:00Z,NA,biuro@podworkohilarego.pl,NA,Zachodnia 53,ÅÃ³dÅº,8 czerwca 2015,"DziaÅ‚alnoÅ›Ä‡ w PodwÃ³rku Hilarego w Åodzi ul. Zachodnia 53 zostaÅ‚a zakoÅ„czona. DziÄ™kujemy :)
PodwÃ³rko Hilarego to kreatywna przestrzeÅ„ w centrum Åodzi (Zachodnia 53). Projekt zgÅ‚oszony przez ""FundacjÄ™ COOL"" gÅ‚osami internautÃ³w zwyciÄ™Å¼yÅ‚ w programie Lechstarter.
PodwÃ³rko Hilarego jest kontynuacjÄ… ""PodwÃ³rkowego biura projektowego"", ktÃ³re cieszyÅ‚o siÄ™ ogromnym zainteresowaniem mieszkaÅ„cÃ³w Åodzi. Obejmuje cykl bezpÅ‚atnych, wakacyjnych porad architektÃ³w i projektantÃ³w, organizacjÄ™ warsztatÃ³w kreatywnych dla studentÃ³w architektury i kierunkÃ³w pokrewnych oraz udostÄ™pnienie przestrzeni mÅ‚odym, zdolnym Å‚odzianom, ktÃ³rzy chcieliby zaprezentowaÄ‡ swojÄ… twÃ³rczoÅ›Ä‡.",8,6,2015,2015-06-08T00:00:00Z,2022,Zachodnia 53 ÅÃ³dÅº Poland,19.4515791,51.77806529999999
Warszawa,WytwÃ³rnia Fablab Kopernik,NA,aktywny,NA,2022-05-11T00:00:00Z,https://www.kopernik.org.pl/wytwornia,marta.kaminska@kopernik.org.pl,info@kopernik.org.pl,"WybrzeÅ¼e KoÅ›ciuszkowskie 20, 00-390",Warszawa,NA,"WytwÃ³rnia to FabLab edukacyjny, w ktÃ³rym dzieci, mÅ‚odzieÅ¼ i edukatorzy uczÄ… siÄ™ zgodnie z zasadami pedagogiki konstrukcjonistycznej, samodzielnie projektujÄ…c i budujÄ…c rÃ³Å¼ne przedmioty. Proces edukacji jest wspierany przez opiekuna, ktÃ³ry prowadzi zajÄ™cia metodÄ… myÅ›lenia projektowego (design thinking).",NA,NA,NA,2017-10-31T00:00:00Z,2022,"WybrzeÅ¼e KoÅ›ciuszkowskie 20, 00-390 Warszawa Poland",21.0278286,52.2421573
Warszawa,FabLab Powered by Orange,789 218 279,aktywny,https://www.facebook.com/fablabwwarszawie,2022-05-11T00:00:00Z,http://fablabwarszawa.pl/,maciek@robisz.to,maciek@robisz.to,Targowa 56 03-733,Warszawa,23 maja 2017,"FabLab powered by Orange (ang. fabrication laboratory) to miejsce stworzone w Warszawie przez FundacjÄ™ Orange i Stowarzyszenie Robisz.to. DziÄ™ki zaawansowanym technologiom (drukarki 3d, plotery laserowe, frezarki CNC, elektronika) oraz wsparciu trenerÃ³w moÅ¼na w nim nauczyÄ‡ siÄ™ jak twÃ³rczo korzystaÄ‡ z nowych technologii, by stworzyÄ‡ dosÅ‚ownie wszystko â€“ od biÅ¼uterii po drona. ZajÄ™cia i pracownie sÄ… otwarte dla dzieci, mÅ‚odzieÅ¼y i dorosÅ‚ych, niezaleÅ¼nie od umiejÄ™tnoÅ›ci i doÅ›wiadczenia. FabLab powered by Orange skupia entuzjastÃ³w ruchu DIY (do-it-yourself), konstruktorÃ³w, makerÃ³w i majsterkowiczÃ³w.",23,5,2017,2017-05-23T00:00:00Z,2022,Targowa 56 03-733 Warszawa Poland,21.038517,52.252077
Warszawa,Warszawski Hackerspace,NA,aktywny,https://www.facebook.com/hackerspacepl/,2020-05-08T00:00:00Z,https://hackerspace.pl/,kontakt@hackerspace.pl,NA,NA,Warszawa,17 grudnia 2010,"Hackerspace to przestrzeÅ„ stworzona i utrzymywana przez grupÄ™ kreatywnych osÃ³b, ktÃ³re Å‚Ä…czy fascynacja ogÃ³lno pojÄ™tym tworzeniem w duchu kultury hackerskiej.",17,12,2010,2010-12-17T00:00:00Z,2020,NA Warszawa Poland,21.0122287,52.2296756
Warszawa,FabLab Wbijaj,536 100 005,aktywny,https://www.facebook.com/FabLab-Wbijaj- 531654943871936/,2022-05-11T00:00:00Z,http://www.fablabwbijaj.pl/,fablabwbijaj@rodzinnawarszawa.pl,NA,Stara 4,Warszawa,13 grudnia 2017,"Wszystkie osoby, ktÃ³re chcÄ… nas odwiedziÄ‡ prosimy o zapoznanie siÄ™ z nowymi zasadami pracy, regulaminem oraz wypeÅ‚nienie oÅ›wiadczenia. Wszystkie dokumenty sÄ… dostÄ™pne na naszej stronie ğŸ‘‰ http://www.fablabwbijaj.pl/fablab",13,12,2017,2017-12-13T00:00:00Z,2022,Stara 4 Warszawa Poland,21.010935,52.25295209999999
Warszawa,WiÃ³ry LecÄ…,698 643 664,aktywny,https://www.facebook.com/wioryleca/,2022-01-19T00:00:00Z,http://wioryleca.pl/,kontakt@wioryleca.pl,NA,NA,Warszawa,11 lutego 2014,"Warsztaty i kursy stolarki, tapicerki i renowacji mebli.",11,2,2014,2014-02-11T00:00:00Z,2022,NA Warszawa Poland,21.0122287,52.2296756
Warszawa,MÄ™ska Szopa Warszawa WÅ‚ochy,536 318 712,aktywny,https://www.facebook.com/meskaszopa/,2022-04-20T00:00:00Z,NA,biuro@fundacjarumianka.pl,NA,Rybnicka 27 02-405,Warszawa,25 sierpnia 2016,"ierwsza w Polsce MÄ™ska Szopa to miejsce nie tylko
dla mÄ™Å¼czyzn, wyposaÅ¼ony warsztat do wspÃ³lnej majsterki. DostÄ™p do szopy jest bezpÅ‚atny. SzopÄ… zarzÄ…dza Fundacja im.ks.prof. Ryszarda Rumianka.",25,8,2016,2016-08-25T00:00:00Z,2022,Rybnicka 27 02-405 Warszawa Poland,20.9045923,52.2070191
Warszawa,Miasto szkutnia,603 638 390,aktywny,https://www.facebook.com/miastoszkutnia/,2022-05-11T00:00:00Z,http://miastoszkutnia.pl/,biuro@miastoszkutnia.pl,NA,WybrzeÅ¼e GdyÅ„skie 2 01-531,Warszawa,25 paÅºdziernika 2014,"Tworzymy otwarty warsztat, miejsce spotkaÅ„ ludzi kreatywnych. JeÅ¼eli chcesz dobrze spÄ™dziÄ‡ czas i samemu wykonaÄ‡ coÅ› z drewna masz juÅ¼ wszystko czego trzeba â€“ chÄ™ci. ResztÄ… zajmujemy siÄ™ my, zapewniamy narzÄ™dzia, materiaÅ‚y i wiedzÄ™. Gwarantujemy Wam dobrÄ… atmosferÄ™ i ogromnÄ… satysfakcjÄ™ z tego, co zrobicie wÅ‚asnymi rÄ™koma. Chcemy zaraÅ¼aÄ‡ ludzi pasjÄ… do szeroko pojÄ™tego majsterkowania. U nas zaczÄ™Å‚o siÄ™ to od miÅ‚oÅ›ci do wody i drewna â€“ przerodziÅ‚o siÄ™ w warsztat, w ktÃ³rym budujemy kajaki, Å‚Ã³dki czy nowoÅ›ci takie jak paddleboard. Dlatego teÅ¼ znajdujemy siÄ™ nad samÄ… WisÅ‚Ä…. Mimo naszego ukierunkowania jesteÅ›my otwarci na wszelkie rÄ™kodzieÅ‚o z drewna â€“ nie musi pÅ‚ywaÄ‡, waÅ¼ne Å¼eby dawaÅ‚o radoÅ›Ä‡!",25,10,2014,2014-10-25T00:00:00Z,2022,WybrzeÅ¼e GdyÅ„skie 2 01-531 Warszawa Poland,21.0013003,52.2696338
Warszawa,Fabryka Stolarzy,502 571 017,aktywny,https://www.facebook.com/fabrykastolarzy/,2022-03-11T00:00:00Z,fabrykastolarzy.pl,kontakt@fabrykastolarzy.pl,NA,"PiÄ™kna 1, Zakret",Warszawa,8 stycznia 2016,"Warsztaty i kursy stolark. Jako doÅ›wiadczona pracownia stolarska chcemy zachÄ™ciÄ‡ do zdobywania nowych umiejÄ™tnoÅ›ci zarÃ³wno absolwentÃ³w szkÃ³Å‚ jak i kaÅ¼dego pasjonata rÄ™kodzieÅ‚a. PrzygotowaliÅ›my szerokÄ… ofertÄ™ kursÃ³w, w ktÃ³rej kaÅ¼dy znajdzie najlepszy dla siebie sposÃ³b zdobywania wiedzy i umiejÄ™tnoÅ›ci praktycznych w stolarstwie i ciesielstwie. W naszej pracy wykorzystujemy nowoczesne narzÄ™dzia i maszyny do obrÃ³bki drewna.

Proponujemy kursy stolarskie dla osÃ³b zainteresowanych stolarstwem, chcÄ…cych rozwinÄ…Ä‡ swoje umiejÄ™tnoÅ›ci oraz dla zawodowcÃ³w. Z nami nauczysz siÄ™ obrÃ³bki, klejenia, giÄ™cia drewna. Poznasz sposoby zarzÄ…dzania materiaÅ‚em oraz procesy jego obrÃ³bki.",8,1,2016,2016-01-08T00:00:00Z,2022,"PiÄ™kna 1, Zakret Warszawa Poland",21.027316,52.2236912
Warszawa,Makerspace PL,-,nieaktywny,https://www.facebook.com/MakerspacePolska/,2019-11-26T00:00:00Z,NA,kontakt@makerspace.pl,NA,NA,Warszawa,15 sierpnia 2015,"PrzestrzeÅ„
Makerspace to przestrzeÅ„, na ktÃ³rej moÅ¼esz realizowaÄ‡ swoje wÅ‚asne pomysÅ‚y. To miejsce, ktÃ³re rozwija TwojÄ… kreatywnoÅ›Ä‡. KtÃ³re daje Ci moÅ¼liwoÅ›Ä‡ eksperymentowania, tworzenia, budowania. KtÃ³re pozwala na popeÅ‚nianie bÅ‚Ä™dÃ³w i odnoszenie sukcesÃ³w. MakeSpace to przestrzeÅ„, ktÃ³ra pozwala Twojej twÃ³rczoÅ›ci rozwinÄ…Ä‡ siÄ™ bez barier.
Ludzie
Makerspace to twÃ³rcy, majsterkowicze, rzemieÅ›lnicy i wszyscy ci, ktÃ³rzy znajdujÄ… uwielbienie w robieniu czegoÅ› wÅ‚asnymi rÄ™kami. To wiedza i mÄ…droÅ›Ä‡ skupiona w jednym miejscu. Makerspace to wspierajÄ…ca siÄ™ spoÅ‚ecznoÅ›Ä‡, pozwalajÄ…ca na wymianÄ™ wiedzy, inspiracjÄ™, wzajemny rozwÃ³j. To przestrzeÅ„ wspÃ³Å‚pracy, rozmÃ³w i wspÃ³lnej twÃ³rczoÅ›ci wykraczajÄ…cej poza dyscypliny.
NarzÄ™dzia
Makerspace to narzÄ™dzia, ktÃ³rych potrzebujesz do realizacji swojej pasji. To szeroki zestaw pomocy, dziÄ™ki ktÃ³rym Twoja twÃ³rczoÅ›Ä‡ rozwinie skrzydÅ‚a. Makerspace to wiedza, jakich narzÄ™dzi uÅ¼ywaÄ‡ jak to robiÄ‡. Makerspace to dostÄ™p do maszyn i technologii niedostÄ™pnych pod strzechami.
Makerspace â€“ PrzyjdÅº! ZrÃ³b!",15,8,2015,2015-08-15T00:00:00Z,2019,NA Warszawa Poland,21.0122287,52.2296756
Warszawa,Zblab,NA,aktywny,https://www.facebook.com/ZbLaB/,2022-05-11T00:00:00Z,NA,zblabzblab@gmail.com,NA,NA,Warszawa,24 marca 2013,"ZbLaB... czyli laboratorium Zbyszka.

ZbLaB... that is Zbyszek's laboratory.",24,3,2013,2013-03-24T00:00:00Z,2022,NA Warszawa Poland,21.0122287,52.2296756
KrakÃ³w,FabLab MaÅ‚opolska,665 770 994,aktywny,https://www.facebook.com/fablabmalopolska/,2022-05-11T00:00:00Z,https://www.fablabmalopolska.pl/,fablab@fablabmalopolska.pl,labmalopolska@gmail.com,KrÃ³lewska 65a 30-081,KrakÃ³w,9 sierpnia 2018,"FabLab MaÅ‚opolska to warsztat kreatywnej pracy, w ktÃ³rym moÅ¼esz m.in. szyÄ‡, majsterkowaÄ‡, wycinaÄ‡, sklejaÄ‡, konstruowaÄ‡, projektowaÄ‡ i dobrze siÄ™ bawiÄ‡.",9,8,2018,2018-08-09T00:00:00Z,2022,KrÃ³lewska 65a 30-081 KrakÃ³w Poland,19.9126166,50.0739205
KrakÃ³w,Hackerspace KrakÃ³w,12 444 75 67,aktywny,https://www.facebook.com/HackerspaceKrakow/,2022-05-11T00:00:00Z,hackerspace-krk.pl,info@hackerspace-krk.pl,NA,Zacisze 5/P1 31-156,KrakÃ³w,5 kwietnia 2012,"Tworzymy przestrzeÅ„, w ktÃ³rej moÅ¼esz do woli pogÅ‚Ä™biaÄ‡ swojÄ… kreatywnoÅ›Ä‡. JesteÅ›my hakerspejsem - otwartym dla lokalnej spoÅ‚ecznoÅ›ci warsztatem, gdzie ludzie przychodzÄ… uczyÄ‡ siÄ™, tworzyÄ‡ projekty i wymieniaÄ‡ wiedzÄ….",5,4,2012,2012-04-05T00:00:00Z,2022,Zacisze 5/P1 31-156 KrakÃ³w Poland,19.943334,50.066067
KrakÃ³w,WytwÃ³rnia KrakÃ³w,790 546 294,aktywny,https://www.facebook.com/WytworniaKrakow/,2022-05-06T00:00:00Z,https://wytworniakrakow.pl/,kontakt@wytworniakrakow.pl,NA,NA,KrakÃ³w,10 marca 2013,"to otwarty warsztat, pracownia, co-work, makerspace - miejsce gdzie siÄ™ robi i gdzie siÄ™ dzieje.
WytwÃ³rnia jest miejscem do pracy polegajÄ…cej na projektowaniu, prototypowaniu i maÅ‚ej produkcji - otwartym warsztatem i pracowniÄ…. Jest to takÅ¼e miejsce spotkaÅ„, szkoleÅ„, warsztatÃ³w, wymiany doÅ›wiadczeÅ„, pomysÅ‚Ã³w i inspiracji. Ale przede wszystkim WytwÃ³rnia jest spoÅ‚ecznoÅ›ciÄ… ludzi wytwarzajÄ…cych, chcÄ…cych wspÃ³Å‚pracowaÄ‡, uczyÄ‡ siÄ™ i dzieliÄ‡ swojÄ… wiedzÄ… i umiejÄ™tnoÅ›ciami.
JesteÅ›my grupÄ… znajomych koÅ„czÄ…cych m.in uczelnie techniczne i artystyczne, zajmujÄ…cych siÄ™ projektowaniem przedmiotÃ³w uÅ¼ytkowych, interaktywnych instalacji oraz grafiki uÅ¼ytkowej. W pewnym momencie uÅ›wiadomiliÅ›my sobie, Å¼e rynek nie odpowiada naszym potrzebom, moÅ¼liwoÅ›ciom i zaÅ‚oÅ¼eniom. Cenimy pracÄ™ poza korporacjÄ…, otwarte oprogramowanie i maszyny, nowe technologie, a takÅ¼e wspÃ³Å‚pracÄ™ z ciekawymi ludÅºmi.
ZdaliÅ›my sobie sprawÄ™, Å¼e nie ma miejsca, w ktÃ³rym moglibyÅ›my pracowaÄ‡ nad swoimi projektami, a w grupie moÅ¼emy takie miejsce stworzyÄ‡.
Idea WytwÃ³rni ewoluowaÅ‚a od miesiÄ™cy, zaczÄ™liÅ›my od rejestracji stowarzyszenia, by w koÅ„cu dojrzeÄ‡ do zaÅ‚oÅ¼enia otwartego warsztatu, oferujÄ…cego podstawowe i specjalistyczne narzÄ™dzia do rapid prototypingu i nie tylko.
Zapraszamy wszystkich, ktÃ³rzy szukajÄ… miejsca do pracy, ktÃ³rym brakuje Å›rodkÃ³w, przestrzeni, a nie brakuje pomysÅ‚Ã³w, do wspÃ³Å‚tworzenia z nami WytwÃ³rni!
W WytwÃ³rni nie trzeba koniecznie wytwarzaÄ‡ - chcesz popracowaÄ‡ nad modelem, polakierowaÄ‡ ramÄ™, wywoÅ‚aÄ‡ film w ciemni, nagraÄ‡ animacjÄ™ stop-motion, szyÄ‡ ubrania, poprowadziÄ‡ warsztaty z oprogramowania open source, albo po prostu poznaÄ‡ ciekawych ludzi? PomoÅ¼emy! :)
WaÅ¼ne jest to, Å¼e WytwÃ³rnia bÄ™dzie zrzeszaÄ‡ ludzi Å›wiadczÄ…cych rÃ³Å¼ne, lecz komplementarne usÅ‚ugi. Jeden zajmuje siÄ™ modelami 3D, drugi obrÃ³bkÄ… metalu, trzeci lakierowaniem - razem dla klienta stworzÄ… dizajnerskÄ… kierownicÄ™ samochodowÄ…. Albo tablet? GrÄ™ komputerowÄ… w animacji poklatkowej z plasteliny, jak NeverHood? W planach! :)
Ponadto planujemy organizacjÄ™ warsztatÃ³w aktywizujÄ…cych zawodowo (obsÅ‚uga programÃ³w, narzÄ™dzi, prowadzenie dziaÅ‚alnoÅ›ci gospodarczej), oraz wydarzeÅ„ promujÄ…cych produkty twÃ³rcÃ³w.
W przyszÅ‚oÅ›ci chcemy stworzyÄ‡ strefÄ™ kontaktÃ³w biznesowych i obsÅ‚ugi klienta (sala konferencyjna, miejsce spotkaÅ„ itp.), jak i umoÅ¼liwiÄ‡ zarejestrowania przez twÃ³rcÃ³w ich dziaÅ‚alnoÅ›ci gospodarczej pod adresem WytwÃ³rni wraz z obsÅ‚ugÄ… administracyjnÄ….",10,3,2013,2013-03-10T00:00:00Z,2022,NA KrakÃ³w Poland,19.9705367,50.0625627
KrakÃ³w,Garage of Complexity,12 664 47 88,aktywny,https://www.facebook.com/garageofcomplexity/,2022-05-11T00:00:00Z,NA,k.dziedzic-kocurek@uj.edu.pl,jakub.mielczarek@uj.edu.pl,NA,KrakÃ³w,21 stycznia 2015,The Garage of Complexity aims to be a place enabling both students and faculty members to work on a wide range of potentially interdisciplinary projects.,21,1,2015,2015-01-21T00:00:00Z,2022,NA KrakÃ³w Poland,19.9705367,50.0625627
KrakÃ³w,Warsztat Centralny,-,nieaktywny,https://www.facebook.com/warsztatnc/,2021-11-10T00:00:00Z,NA,wysÅ‚aÅ‚em przez fb,NA,NA,KrakÃ³w,21 stycznia 2015,"Warsztat robÃ³t manualnych spoÅ‚ecznoÅ›ci lokalnej Nowej Huty.
Prowadzony z inicjatywy Fundacji Nowe Centrum.",21,1,2015,2015-01-21T00:00:00Z,2021,NA KrakÃ³w Poland,19.9705367,50.0625627
WrocÅ‚aw,PIN Workshop,-,nieaktywny,NA,2020-10-27T00:00:00Z,NA,piotr@baranowski.io,NA,NA,WrocÅ‚aw,NA,NA,NA,NA,NA,NA,2020,NA WrocÅ‚aw Poland,17.0385376,51.1078852
WrocÅ‚aw,Tworzyciele WrocÅ‚aw,-,nieaktywny,https://www.facebook.com/tworzycielewroclaw/,2020-09-08T00:00:00Z,NA,tworzycielewroclaw@gmail.com,NA,NA,WrocÅ‚aw,9 grudnia 2014,"Tworzyciele WrocÅ‚aw to inicjatywa artystÃ³w i rzemieÅ›lnikÃ³w, w ramach ktÃ³rej organizujemy warsztaty rÄ™kodzieÅ‚a oraz targi mody i designu we WrocÅ‚awiu
JesteÅ›my grupÄ… rzemieÅ›lnikÃ³w i artystÃ³w z WrocÅ‚awia. Naszym celem jest udostÄ™pnianie wiedzy z zakresu rÄ™kodzieÅ‚a i sztuki poprzez warsztaty i kursy rzemieÅ›lnicze.
Organizujemy rÃ³wnieÅ¼ Targi Mody i Designu, by promowaÄ‡ lokalnych twÃ³rcÃ³w rÄ™kodzieÅ‚a.
Pobudzamy kreatywnoÅ›Ä‡, pomagamy rozwijaÄ‡ pasjÄ™ i odkrywaÄ‡ w sobie nowe talenty :) Zapraszamy do wspÃ³Å‚pracy!",9,12,2014,2014-12-09T00:00:00Z,2020,NA WrocÅ‚aw Poland,17.0385376,51.1078852
WrocÅ‚aw,Hackerspace wrocÅ‚aw,-,aktywny,https://www.facebook.com/HackerspaceWroclaw/,2022-05-11T00:00:00Z,http://hswro.org/,kontakt@hswro.org,NA,"WrÃ³blewskiego 38, 51-627",WrocÅ‚aw,20 marca 2012,Hackerspace WrocÅ‚aw - otwarte centrum kreatywnej technologii.,20,3,2012,2012-03-20T00:00:00Z,2022,"WrÃ³blewskiego 38, 51-627 WrocÅ‚aw Poland",17.0864179,51.1044689
WrocÅ‚aw,MÄ™ska Szopa WrocÅ‚aw,609 660 132,nieaktywne,https://www.facebook.com/meskasszopawroclaw/,2018-07-08T00:00:00Z,NA,klubpolonia@poczta.fm,NA,PauliÅ„ska 16 50-247,WrocÅ‚aw,1 lipca 2018,MÄ™ska Szopa to program wywodzÄ…cy siÄ™ z Australii i z wielkim powodzeniem funkcjonujÄ…cy w wielu krajach Å›wiata. Na przekÃ³r nazwie to miejsce jest nie tylko dla mÄ™Å¼czyzn. To obszar realizacji pasji i aspiracji twÃ³rczych jego bywalcÃ³w.,1,7,2018,2018-07-01T00:00:00Z,2018,PauliÅ„ska 16 50-247 WrocÅ‚aw Poland,17.0342103,51.1204724
WrocÅ‚aw,Nokia Garage,-,NA,NA,NA,https://nokiagarage.pl/,hello@nokiagarage.pl,NA,NA,WrocÅ‚aw,NA,"Nokia Garage w skrÃ³cie to ludzie, miejsce, technologia.
WspÃ³lnie z naszÄ… spoÅ‚ecznoÅ›ciÄ… chcemy realizowaÄ‡ konkretne dziaÅ‚ania, projekty i aktywnoÅ›ci.",NA,NA,NA,NA,NA,NA WrocÅ‚aw Poland,17.0385376,51.1078852
TrÃ³jmiasto,PoCoTo,796 986 801,NA,https://www.facebook.com/pocoto.eu/,2016-03-21T00:00:00Z,NA,NA,NA,NA,TrÃ³jmiasto,2 wrzeÅ›nia 2010,NA,2,9,2010,2010-09-02T00:00:00Z,2016,NA TrÃ³jmiasto Poland,18.5406663,54.3919577
TrÃ³jmiasto,Hackerspace TrÃ³jmiasto,-,aktywny,https://www.facebook.com/hackerspacetrojmiasto/,2022-05-11T00:00:00Z,http://hs3.pl/,kontakt@hs3.pl,palysiewicz.miroslaw@gmail.com,"Wojska Polskiego 41, 80-268",TrÃ³jmiasto,27 czerwca 2016,"Hackerspace TrÃ³jmiasto jest otwartÄ… i technologicznÄ… przestrzeniÄ… zrzeszajÄ…cÄ… wszystkich, ktÃ³rzy chcÄ… siÄ™ rozwijaÄ‡, dzieliÄ‡ wiedzÄ… i budowaÄ‡ wartoÅ›ciowÄ… spoÅ‚ecznoÅ›Ä‡.
Organizujemy niezliczone spotkania, warsztaty i hackathony. Rozwijamy projekty, uczymy siÄ™ i tworzymy miejsce dla tych, ktÃ³rzy chcÄ… siÄ™ wspÃ³lne rozwijaÄ‡ i dzieliÄ‡ wiedzÄ…. Tworzymy przestrzeÅ„, w ktÃ³rej kultura, technologie, bezpieczeÅ„stwo, edukacja i najnowsze trendy w branÅ¼y IT idÄ… ze sobÄ… w parze.
DoÅ‚Ä…cz do nas na Meetup.com https://www.meetup.com/hs3city/ oraz na Discord, gdzie dziaÅ‚amy wirtualnie: https://hs3.pl/join
Obecnie, w zwiÄ…zku z COVID-19, nasza siedziba jest zamkniÄ™ta, ale jak tylko warunki pozwolÄ… wracamy rÃ³wnieÅ¼ do Å¼ycia w fizycznej przestrzeni.
",27,6,2016,2016-06-27T00:00:00Z,2022,"Wojska Polskiego 41, 80-268 TrÃ³jmiasto Poland",18.5817588,54.3896269
Gdynia,FabLab TrÃ³jmiasto,-,aktywny,https://www.facebook.com/FabLabT/,2022-05-11T00:00:00Z,http://www.FabLabT.org/,biuro.fablabt@gmail.com,NA,"Al. ZwyciÄ™stwa 291, 81-525",Gdynia,5 marca 2013,"Tu idee stajÄ… siÄ™ rzeczywistoÅ›ciÄ…! Poznaj niesamowitych ludzi i rozwiÅ„ umiejÄ™tnoÅ›ci niezbÄ™dne w XXI wieku.
Fab Lab TrÃ³jmiasto to kreatywna spoÅ‚ecznoÅ›Ä‡, ktÃ³ra daje ludziom dostÄ™p do miejsca, programÃ³w i narzÄ™dzi, potrzebnych do tworzenia technologii i zbudowania (prawie) wszystkiego. Tutaj poznasz niesamowitych ludzi i rozwiniesz umiejÄ™tnoÅ›ci niezbÄ™dne w XXI wieku.",5,3,2013,2013-03-05T00:00:00Z,2022,"Al. ZwyciÄ™stwa 291, 81-525 Gdynia Poland",18.5574365,54.4737587
GdaÅ„sk,Otwarty warsztat 4rest,-,NA,https://www.facebook.com/4Rest.Upcykling/,2022-05-11T00:00:00Z,NA,info@4rest.org.pl,NA,NA,GdaÅ„sk,3 paÅºdziernika 2015,NA,3,10,2015,2015-10-03T00:00:00Z,2022,NA GdaÅ„sk Poland,18.6466384,54.35202520000001
Lublin,Hackerspace Lublin,-,nieaktywny,https://www.facebook.com/hackerspacelbn/,2020-11-05T00:00:00Z,NA,fundacja@hackerspace-lbn.pl,NA,NA,Lublin,21 maja 2013,"Hackerspace to przestrzeÅ„ stworzona i utrzymywana przez grupÄ™ kreatywnych osÃ³b, ktÃ³re Å‚Ä…czy fascynacja ogÃ³lno pojÄ™tym tworzeniem w duchu kultury hackerskiej.
Naszym celem jest propagowanie idei DIY (â€œZrÃ³b to samâ€), zaleÅ¼y nam na rozwoju Lublina i jego mieszkaÅ„cÃ³w poprzez edukacjÄ™, oraz poÅ›rednie przyczynianie siÄ™ do rozwoju technologicznego i powstawania nowych, wysoko wyspecjalizowanych firm i miejsc pracy w Lublinie.
W ramach naszej fundacji chcemy zajÄ…Ä‡ siÄ™ miÄ™dzy innymi: edukacjÄ… technicznÄ… dzieci i mÅ‚odzieÅ¼y, organizowaniem konferencji naukowych i technicznych w Lublinie, rozwijaniem technologii zwiÄ…zanych z automatykÄ…, technologiami ekologicznymi, technologiami odnawialnych ÅºrÃ³deÅ‚ energii oraz robotykÄ….",21,5,2013,2013-05-21T00:00:00Z,2020,NA Lublin Poland,22.5747275,51.2509458
Zabrze,FabLab Silesia,720 120 720,aktywny,https://www.facebook.com/FabLabSilesia/,2022-02-05T00:00:00Z,NA,fablab.silesia@gmail.com bob@fajna.eu,NA,"Roosevelta 118 B, 41-800",Zabrze,31 lipca 2016,"FabLab Silesia - MakerSpace Fab Lab Silesia
Masz fajny pomysÅ‚, szukasz miejsca dla jego realizacji, lubisz pracowaÄ‡ i poznawaÄ‡ ciekawych ludzi?
Skontaktuj siÄ™ z nami.",31,7,2016,2016-07-31T00:00:00Z,2022,"Roosevelta 118 B, 41-800 Zabrze Poland",18.7625197,50.293534
WisÅ‚a Czarne,FabLab WisÅ‚a Czarne,600 819 782,aktywny,https://www.facebook.com/Fablabwisla/,2021-11-26T00:00:00Z,http://fablab.wisla.pl/,kontakt@fablab.wisla.pl,NA,"BiaÅ‚a WiseÅ‚ka 6, 43-460",WisÅ‚a Czarne,10 stycznia 2014,"Fab Lab, czyli Fabrication Laboratory to rodzaj maÅ‚ego laboratorium czy pracowni, w ktÃ³rej moÅ¼na zmieniÄ‡ swoje projekty w realne, namacalne rzeczy.
ZajÄ™cia w FabLab odbywajÄ… siÄ™ we wtorki i czwartki w godzinach od 17.00 do 19.00 - ZAPRASZAMY!!!",10,1,2014,2014-01-10T00:00:00Z,2021,"BiaÅ‚a WiseÅ‚ka 6, 43-460 WisÅ‚a Czarne Poland",18.942686900000002,49.6207503
Bydgoszcz,Pracownia Bydgoszcz,888 063 363,NA,https://www.facebook. com/stowarzyszeniepracownia/,2022-02-08T00:00:00Z,https://www.pracownia.team,poczta@pracownia.team,NA,NA,Bydgoszcz,10 czerwca 2017,"Wolna przestrzeÅ„ dla wszystkich, ktÃ³rzy chcÄ… zmaterializowaÄ‡ swoje pomysÅ‚y, zwÅ‚aszcza te, na ktÃ³re w domu nie ma miejsca,
Otwarty warsztat rzemiosÅ‚a wszelakiego z dostÄ™pem do narzÄ™dzi i maszyn,
PÅ‚aszczyzna spotkaÅ„ dla projektantÃ³w, rzemieÅ›lnikÃ³w, artystÃ³w, pasjonatÃ³w, specjalistÃ³w i domowych majstrÃ³w.",10,6,2017,2017-06-10T00:00:00Z,2022,NA Bydgoszcz Poland,18.0135302,53.1108829
Lublin,FabLab Lublin,792 050 716,NA,https://www.facebook.com/fablablublin/,2018-01-28T00:00:00Z,http://fablablublin.pl/,core@fablablublin.pl,NA,NA,Lublin,20 sierpnia 2013,"FabLab Lublin: Warsztat, Laboratorium, Komunikacja, Edukacja
Czym jest FabLAB w wydaniu Lubelskim?
Jest przestrzeniÄ… w ktÃ³rej moÅ¼na bÄ™dzie zrobiÄ‡ niemal wszystko.
CoÅ› o NAS?
Nasza inicjatywa wpisuje siÄ™ w tworzÄ…cy siÄ™ intensywnie ruch/nurt â€Makerspaceâ€ i TwÃ³rczoÅ›Ä‡ DIY. Chcemy stworzyÄ‡ miejsce, w ktÃ³rym prÃ³cz przestrzeni twÃ³rczej bÄ™dziemy mieÄ‡ rÃ³wnieÅ¼ bazÄ™ narzÄ™dzi. Pragniemy mieÄ‡ wpÅ‚yw na to, co posiadamy: tworzyÄ‡ rzeczy uÅ¼yteczne i piÄ™kne. KaÅ¼dy z nas ma inne zainteresowania i innÄ… wizjÄ™, ale Å‚Ä…czy nas postawa niezadowolenia na zastanÄ… rzeczywistoÅ›Ä‡. Nie zgadzamy sie na galopujÄ…cy konsumpcjonizm, zalew tandetnej chiÅ„szczyzny, dyktat reklamy. Chcemy aktywnie tworzyÄ‡ swoje dalsze i bliÅ¼sze otoczenie. Mamy zamiar odtwarzaÄ‡ stare i sprawdzone technologie i umiejÄ™tnoÅ›ci, oraz tworzyÄ‡ i testowaÄ‡ nowe rozwiÄ…zania. Pragniemy siÄ™ uczyÄ‡ i szeroko dzieliÄ‡ naszÄ… wiedzÄ…: tÄ… ktÃ³rÄ… mamy i tÄ… ktÃ³rÄ… nabÄ™dziemy. JesteÅ›my otwarci na wiedzÄ™.
Pojedynczo nie jesteÅ›my w stanie wyposaÅ¼yÄ‡ i stworzyÄ‡ odpowiedniego warsztatu, ale razem damy radÄ™. WspÃ³lnie jesteÅ›my bardziej twÃ³rczy i mamy wiÄ™kszÄ… wiedzÄ™.
Chcemy stworzyÄ‡ spoÅ‚ecznoÅ›Ä‡ ludzi twÃ³rczych, zainteresowanych nowymi formami wspÃ³Å‚Å¼ycia miejskiego, jak pewna forma wspÃ³Å‚wÅ‚asnoÅ›ci i wspÃ³Å‚-korzystania (przestrzeÅ„, wyposaÅ¼enie warsztatu), samorozwÃ³j polegajÄ…cy na czerpaniu wiedzy od siebie nawzajem i wymianie intelektualnej.
Co moglibyÅ›my zaproponowaÄ‡ spoÅ‚eczeÅ„stwu?
- Przede wszystkim bazÄ™ ludzi - twÃ³rcÃ³w.
- BazÄ™ wiedzy i umiejÄ™tnoÅ›ci. Te dwie korzyÅ›ci razem dajÄ… nieograniczone moÅ¼liwoÅ›ci: szerzenia wiedzy na zewnÄ…trz, pomocy przy projektach tak indywidualnych jak i zbiorowych, itd.
- BazÄ™ maszyn, sprzÄ™tÃ³w, przestrzeÅ„ twÃ³rczÄ….
- funkcjÄ™ edukacyjnÄ…: od wzorcÃ³w zachowaÅ„, idei, po poszczegÃ³lne umiejÄ™tnoÅ›ci praktyczne.
- w przyszÅ‚oÅ›ci, byÄ‡ moÅ¼e nowatorskie rozwiÄ…zania, ciekawe idee, przedsiÄ™biorstwa (?)
Co chcemy robiÄ‡?
- wskrzeszaÄ‡ stare i zapomniane umiejÄ™tnoÅ›ci, jak np. szycie butÃ³w czy tkactwo
- tworzyÄ‡, budowaÄ‡ i projektowaÄ‡ maszyny
- siaÄ‡ i sadziÄ‡, pielÄ™gnowaÄ‡: stworzyÄ‡ ogrÃ³d roÅ›lin jadalnych
- testowaÄ‡ ciekawe ekologiczne i ekonomiczne rozwiÄ…zania (jak np. budowa domÃ³w metodÄ… strawbale, piecy, alternatywnych, ekologicznych generatorÃ³w energii, czy toalety kompostowej)
- konstruowaÄ‡ meble, sprzÄ™ty domowe i elektroniczne,
- szyÄ‡, dziergaÄ‡, wyszywaÄ‡ i przerabiaÄ‡ (re-use & recycle)
- â€pracÄ™ u podstawâ€ - dobrÄ… wiedzÄ™ szerzyÄ‡ w spoÅ‚eczeÅ„stwie poprzez rÃ³Å¼nego rodzaju warsztaty, pokazy, pogadanki.


",20,8,2013,2013-08-20T00:00:00Z,2018,NA Lublin Poland,22.5747275,51.2509458
SokoÅ‚owsko,Pralnia w SokoÅ‚owsku,-,NA,https://www.facebook.com/PralniaSokolowsko/,NA,NA,a.bledowska@gmail.com,NA,NA,SokoÅ‚owsko,NA,NA,NA,NA,NA,NA,NA,NA SokoÅ‚owsko Poland,16.2351322,50.6863986
ÅšwiÄ™tochÃ³w,Stacja Badawcza,604 201 266,aktywny,https://www.facebook.com/stacjabadawcza/,2022-02-12T00:00:00Z,http://stacjabadawcza.pl/,biuro@stacjabadawcza.pl,NA,"Wiosenna 36, 05-555",ÅšwiÄ™tochÃ³w,6 listopada 2016,Fundacja na rzecz rozwoju i nauki dzieci i dorosÅ‚ych. UdostÄ™pniamy przestrzeÅ„ twÃ³rczej pracy badawczej dajÄ…c moÅ¼liwoÅ›Ä‡ realizacji wÅ‚asnych projektÃ³w.,6,11,2016,2016-11-06T00:00:00Z,2022,"Wiosenna 36, 05-555 ÅšwiÄ™tochÃ³w Poland",20.773173,51.957726
RzeszÃ³w,Hacklab RzeszÃ³w,-,nieaktywny,https://www.facebook.com/HackLabRzeszow/,2016-06-06T00:00:00Z,NA,wysÅ‚aÅ‚em na fb,NA,NA,RzeszÃ³w,28 kwietnia 2014,PrzestrzeÅ„ Kreatywna w Stolicy Innowacji.,28,4,2014,2014-04-28T00:00:00Z,2016,NA RzeszÃ³w Poland,22.0192309,50.06992289999999
Bielsko BiaÅ‚a,FabLab Bielsko BiaÅ‚a,NA,aktywny,https://www.facebook.com/fablab24/,2022-05-11T00:00:00Z,http://www.fablab24.pl/,fablab24@arrsa.pl,NA,"CieszyÅ„ska 365, 43-382",Bielsko BiaÅ‚a,4 kwietnia 2017,"FabLab to laboratorium produkcji, miejsce gdzie swÃ³j pomysÅ‚ moÅ¼esz zamieniÄ‡ w rzeczywisty przedmiot! Koncentrujemy siÄ™ na druku 3D, szybkim prototypowaniu i modelowaniu przestrzennym. Szkolimy, testujemy, jesteÅ›my otwarci dla wszystkich!",4,4,2017,2017-04-04T00:00:00Z,2022,"CieszyÅ„ska 365, 43-382 Bielsko BiaÅ‚a Poland",18.988249,49.8079136
ChorzÃ³w,Bobrowe Å»eremia,502 495 980,aktywny,https://www.facebook.com/BobroweZeremia/,2022-05-07T00:00:00Z,NA,bobrowezeremia@gmail.com,NA,NA,ChorzÃ³w,7 maja 2015,"Fundacja Bobrowe Å»eremia, to miejsce gdzie tradycja spotyka siÄ™ z wspÃ³Å‚czesnoÅ›ciÄ…, a nasze dziaÅ‚ania krÄ™cÄ… siÄ™ wokÃ³Å‚ drewna, kajakÃ³w, jachtÃ³w oraz mebli.",7,5,2015,2015-05-07T00:00:00Z,2022,NA ChorzÃ³w Poland,18.9545728,50.2974884
SÅ‚upsk,FabLab SÅ‚upsk,691 439 985,aktywny,https://www.facebook.com/FablabSlupsk/,2022-05-11T00:00:00Z,http://coolturka.eu/,coolturka.klub@gmail.com,NA,NA,SÅ‚upsk,16 czerwca 2016,NA,16,6,2016,2016-06-16T00:00:00Z,2022,NA SÅ‚upsk Poland,17.0283557,54.4643059
GÅ‚ogÃ³w,Workspace GÅ‚ogÃ³w,604 352 965,aktywny,https://www.facebook.com/Workspace-G%C5%82og%C3%B3w-1513567408732982/,2022-01-27T00:00:00Z,NA,motzart@interia.pl,NA,NA,GÅ‚ogÃ³w,14 paÅºdziernika 2017,"reatywna przestrzeÅ„ - Ludzie, Pasja , Warsztaty
Workspace GÅ‚ogÃ³w to miejsce i ludzie ktÃ³rzy pragnÄ… rozwijaÄ‡ siÄ™ i kreatywnie spÄ™dzaÄ‡ czas.
Eko stolarka to stolarka z duÅ¼Ä… dozÄ… kreatywnoÅ›ci. Warsztaty eko stolarki to zajecia podczas ktÃ³rych moÅ¼na poznaÄ‡ podstawy
stolarki nauczyÄ‡ siÄ™ jak poddaÄ‡ efektownej renowacji stare meble oraz, drewniane przedmioty oraz z pozoru bezuÅ¼yteczne drewno
przemieniÄ‡ w ciekawy mebel.BÄ™dzie intensywnie, pracowicie i wesoÅ‚o. Pracownia eko stolarki to nie tylko warsztaty to rÃ³wnieÅ¼
moÅ¼liwoÅ›Ä‡ poznania ciekawych ludzi, relizacji swoich projektÃ³w oraz przedewszystkim to Å›wietny sposÃ³b na spÄ™dzenie kreatywnie
wolnego czasu oraz nauczenie siÄ™ nowych umiejÄ™tnoÅ›ci. Jednak bez obaw â€“ przed przystÄ…pieniem do prac, nauczymy Was do czego
dane narzÄ™dzia sÅ‚uÅ¼Ä… i jak bezpiecznie i prosto z nich korzystaÄ‡!",14,10,2017,2017-10-14T00:00:00Z,2022,NA GÅ‚ogÃ³w Poland,16.0846672,51.66358520000001
GÅ‚ogÃ³w,OpenLab GÅ‚ogÃ³w,512 370 472,aktywny,https://www.facebook.com/OPENLABglogowPL/,2022-04-27T00:00:00Z,http://openlab.glogow.pl/,openlab@openlab.glogow.pl,NA,"Perseusza 13, 67-200",GÅ‚ogÃ³w,22 lutego 2017,"Od 2006 roku dziaÅ‚amy na rzecz spoÅ‚ecznoÅ›ci lokalnej GÅ‚ogowa i okrÄ™gu miedziowego. Promujemy ideÄ™ â€zrÃ³b to samâ€, rzemiosÅ‚o, edukacjÄ™ nieformalnÄ… i zrÃ³wnowaÅ¼ony rozwÃ³j. Prowadzimy warsztaty i spotkania z zakresu edukacji artystycznej, partycypacji spoÅ‚ecznej, aktywnoÅ›ci obywatelskiej, projektowania, tradycyjnych technik rzemieÅ›lniczych jak i nowych technologii. Organizatorzy: Fundacja Lokalnych Inicjatyw SpoÅ‚ecznych (FLIS.org.pl) i Stowarzyszenia dla Dzieci i MÅ‚odzieÅ¼y SZANSA (www.SZANSA.glogow.org)",22,2,2017,2017-02-22T00:00:00Z,2022,"Perseusza 13, 67-200 GÅ‚ogÃ³w Poland",16.0591618,51.652082299999996
MarcinÃ³w,Osada TwÃ³rcÃ³w,NA,aktywny,https://www.facebook.com/OsadaTworcow/,2022-05-11T00:00:00Z,NA,osada@cohabitat.net,NA,NA,MarcinÃ³w,8 listopada 2013,"Prototyp dobrego sÄ…siedztwa i wspÃ³lnoty energetycznej na wsi :)
Osada TwÃ³rcÃ³w to samowystarczalna wioska w budowie, miejsce, gdzie pasjonaci naturalnego i przyjaznego naturze stylu Å¼ycia rozwijajÄ… alternatywne technologie w zakresie uprawy Å¼ywnoÅ›ci, budownictwa naturalnego i energetyki oraz wprowadzajÄ… je Å¼ycie - we wÅ‚asne Å¼ycie codzienne na wsi.",8,11,2013,2013-11-08T00:00:00Z,2022,NA MarcinÃ³w Poland,22.3004093,51.4631886
WrzeÅ›nia,Freelab WrzeÅ›nia,880 414 881,aktywny,https://www.facebook.com/freelab/,2022-05-11T00:00:00Z,http://www.freelab.edu.pl/,freelab.wrzesnia@gmail.com,NA,"KoÅ›cielna 2, 62-300",WrzeÅ›nia,21 listopada 2013,"Stowarzyszenie propagujÄ…ce kreatywne i twÃ³rcze wykorzystanie nowoczesnych technologii
Stowarzyszenie poszerzajÄ…ce horyzonty i rozwijajÄ…ce kreatywnoÅ›Ä‡ w zakresie techniki.
ZajÄ™cia prowadzone sÄ… we wtorki, Å›rody i soboty, ul. MiÅ‚osÅ‚awska 5, WrzeÅ›nia.",21,11,2013,2013-11-21T00:00:00Z,2022,"KoÅ›cielna 2, 62-300 WrzeÅ›nia Poland",17.5637229,52.3261896
Katowice,Hackerspace Silesia,-,aktywny,https://www.facebook.com/HackerspaceSilesia/,2022-05-01T00:00:00Z,http://hs-silesia.pl/,info@hs-silesia.pl,NA,"Ondraszka 17, 40-857",Katowice,27 stycznia 2014,"Oficjalna strona FB Hackerspace Silesia. JesteÅ›my spoÅ‚ecznoÅ›ciÄ… kreatywnych ludzi ktÃ³rzy spotykajÄ… siÄ™ w miejscu, gdzie mogÄ… tworzyÄ‡, integrowaÄ‡ siÄ™ oraz realizowaÄ‡ zwariowane projekty. PokaÅ¼ mniej
Oficjalny fanpage Hackerspace Silesia. Zapraszamy na nasze czwartkowe spotkania o godzinie 18.00.",27,1,2014,2014-01-27T00:00:00Z,2022,"Ondraszka 17, 40-857 Katowice Poland",18.9957627,50.2639024
Kielce,WÅ‚asnorÄ™czni,41 367 68 01,nieaktywny,https://www.facebook.com/W%C5%82asnor%C4% 99czni-371908609561687/,2019-04-29T00:00:00Z,NA,info@idkielce.pl,NA,Zamkowa 3,Kielce,1 listopada 2012,"bezpÅ‚atne warsztaty z dizajnem w tle (projektowanie spoÅ‚ecznie zaangaÅ¼owane, recykling, D.I.Y, rÄ™kodzieÅ‚o, ekologia) dla dorosÅ‚ych lub dla dzieci organizowane przez Instytut Dizajnu w Kielcach PokaÅ¼ mniej
WÅASNORÄ˜CZNI & SELFMADE to program, w ktÃ³rym IDK zaprasza do rozwijania i pogÅ‚Ä™biania swojej wiedzy i umiejÄ™tnoÅ›ci w obszarze designu, by poprzez wspÃ³lnÄ… pracÄ™ staÅ‚ siÄ™ on elementem naszej CODZIENNOÅšCI",1,11,2012,2012-11-01T00:00:00Z,2019,Zamkowa 3 Kielce Poland,20.6268294,50.86799269999999
Kielce,FabLab Kielce,535 134 043,NA,https://www.facebook.com/fablabkielce/,2022-05-11T00:00:00Z,http://www.fablabkielce.pl/,info@fablabkielce.pl,NA,NA,Kielce,13 czerwca 2013,Druk 3D - drukowanie i skanowanie przestrzenne jest teraz dostÄ™pne w Kielcach.,13,6,2013,2013-06-13T00:00:00Z,2022,NA Kielce Poland,20.6285677,50.8660773
Opole,Respace,609 812 098,nieaktywny,https://www.facebook.com/respaceopole/,2021-03-11T00:00:00Z,NA,kontakt@respace.pl,NA,"Armii Krajowej 9, 45-071",Opole,16 grudnia 2013,"Interesujesz siÄ™: programowaniem, elektronikÄ…, konstrukcjami. JesteÅ› osobÄ… kreatywna? DoÅ‚Ä…cz do nas!",16,12,2013,2013-12-16T00:00:00Z,2021,"Armii Krajowej 9, 45-071 Opole Poland",17.9342125,50.6612168
Gliwice,Warsztat Miejski w Gliwicach,32 494 41 14,NA,https://www.facebook.com/warsztatmiejski/,2022-05-11T00:00:00Z,warsztatmiejski.pl,halo@warsztatmiejski.pl,NA,"PszczyÅ„ska 1A, 44-100",Gliwice,12 czerwca 2016,"Warsztat Miejski - jest spoÅ‚ecznoÅ›ciÄ… skupionÄ… wokÃ³Å‚ idei ""make"". JesteÅ›my spoÅ‚ecznoÅ›ciÄ… skupionÄ… jako grupa inicjatywna â€Warsztat Miejski w Gliwicachâ€ i jako taka dÄ…Å¼ymy do stworzenia w Gliwicach przestrzeni do pracy dla makerÃ³w (majsterkowiczÃ³w, twÃ³rcÃ³w, artystÃ³w). Przestrzeni zarÃ³wno fizycznej, ktÃ³rÄ… rozumiemy jako kompleksowo wyposaÅ¼ony warsztat dostÄ™pny dla mieszkaÅ„cÃ³w miasta siedem dni w tygodniu, jak rÃ³wnieÅ¼ przestrzeni spoÅ‚ecznej, ktÃ³rÄ… staramy siÄ™ tworzyÄ‡ poprzez realizacjÄ™ projektÃ³w spoÅ‚ecznych â€“ roboczych i warsztatowych oraz organizacjÄ™ imprez aktywizujÄ…cych Gliwiczan do dziaÅ‚ania w obszarze ruchu â€makeâ€ i majsterkowania.

Chcemy aby Warsztat byÅ‚ miejscem, gdzie ludzie z rÃ³Å¼nych dziedzin spotykajÄ… siÄ™, dzielÄ… siÄ™ swoimi doÅ›wiadczeniami, realizujÄ… projekty, eksperymentujÄ…, Å‚Ä…czÄ… rÃ³Å¼ne punkty widzenia. Miejscem dla kaÅ¼dego, kto ma w sobie pasjÄ™ majsterkowania i tworzenia, niezaleÅ¼nie od wykonywanego zawodu, niezaleÅ¼nie od wieku.",12,6,2016,2016-06-12T00:00:00Z,2022,"PszczyÅ„ska 1A, 44-100 Gliwice Poland",18.6685837,50.2896754
WaÅ‚brzych,B-10 CIty Lab,74 665 53 47,aktywny,https://www.facebook.com/b10citylab/,2022-02-07T00:00:00Z,http://citylab.walbrzych.eu/,kontakt@citylab.walbrzych.eu,NA,"Wysockiego 29, 58-304",WaÅ‚brzych,6 sierpnia 2018,B-10 City Lab to nowoczesne oraz inspirujÄ…ce miejsce dla ludzi zwiÄ…zanych z nowoczesnÄ… technologiÄ….,6,8,2018,2018-08-06T00:00:00Z,2022,"Wysockiego 29, 58-304 WaÅ‚brzych Poland",16.2565618,50.7767669
WaÅ‚brzych,Hackerspace WaÅ‚brzych,605 191 396,nieaktywny,https://www.facebook.com/HackerSpaceWalbrzych/,2019-09-25T00:00:00Z,NA,biuro@veotech.pl,NA,NA,WaÅ‚brzych,25 wrzeÅ›nia 2018,"JesteÅ›my organizacjÄ… skupiajÄ…cÄ… pracownikÃ³w branÅ¼y IT oraz sympatykÃ³w nowych technologii gÅ‚Ã³wnie z WaÅ‚brzycha i okolic, ale nie tylko.",25,9,2018,2018-09-25T00:00:00Z,2019,NA WaÅ‚brzych Poland,16.2843553,50.7840092
Zielona GÃ³ra,Makerspace laboratorium,737 643 658,NA,https://www.facebook.com/makerspacelaboratorium/,2022-03-04T00:00:00Z,NA,laboratorium.fundacja@gmail.com,NA,NA,Zielona GÃ³ra,3 sierpnia 2018,Centrum nowych technologii,3,8,2018,2018-08-03T00:00:00Z,2022,NA Zielona GÃ³ra Poland,15.5061862,51.9356214
Konin,M-lab Konin,791 363 471,aktywny,https://www.facebook.com/mlabkonin/,2022-05-08T00:00:00Z,http://m-lab.konin.pl/,mlab.konin@gmail.com,NA,"3 Maja 1-3, 62-500",Konin,16 stycznia 2018,"M-LAB tworzony jest przez mÅ‚odych i dla mÅ‚odych â€“ to miasto bÄ™dzie kiedyÅ› naleÅ¼aÅ‚o do nas, to my bÄ™dziemy mieÄ‡ wpÅ‚yw na to, jak siÄ™ bÄ™dzie mieszkaÅ‚o i co siÄ™ bÄ™dzie dziaÅ‚o w Koninie.

W procesie realizacji dziaÅ‚aÅ„ M-LABu najwaÅ¼niejsze jest uczestnictwo mÅ‚odzieÅ¼y i wÅ‚Ä…czenie ich w aktywne tworzenie. Kreujemy SWOJE DZIAÅANIA I SWOJE MIEJSCE, dajemy mu Å¼ycie, imiÄ™ i charakter.

Partnerem wiodÄ…cym do spraw rozwoju mÅ‚odzieÅ¼owego ruchu spoÅ‚ecznego wokÃ³Å‚ M-LAB jest MÅ‚odzieÅ¼owy Dom Kultury w Koninie.",16,1,2018,2018-01-16T00:00:00Z,2022,"3 Maja 1-3, 62-500 Konin Poland",18.2546363,52.2111988
EÅ‚k,Makerspace EÅ‚k,792 238 292,NA,https://www.facebook.com/warsztatkreatywnoscielk/,NA,NA,tomasz.gabrus@gmail.com,NA,NA,EÅ‚k,NA,NA,NA,NA,NA,NA,NA,NA EÅ‚k Poland,22.3226647,53.8235617
Jarocin,FabLab Jarocin,-,NA,https://www.facebook.com/MinifablabJarocin/,2020-04-17T00:00:00Z,NA,b.piotrowicz@jarocinska.pl,NA,NA,Jarocin,8 lutego 2017,"Miejsce, w ktÃ³rym Å‚Ä…czymy nowe technologie z rzemiosÅ‚em. ÅÄ…czymy ludzi z pasjÄ…:)
MiniFabLab to miejsce, w ktÃ³rym spotykajÄ… siÄ™ ludzie z pasjÄ…, w ktÃ³rym Å‚Ä…czÄ… siÄ™ nowe technologie z rzemiosÅ‚em. Miejsce, w ktÃ³rym prowadzone sÄ… warsztaty dla dzieci i mÅ‚odzieÅ¼y. Projekt realizowany dziÄ™ki dotacji z Fundacji BZ WBK oraz Fundacji Batorego",8,2,2017,2017-02-08T00:00:00Z,2020,NA Jarocin Poland,17.5019414,51.9724492
Lublin,Warsztaty Kultury,81 533 08 18,NA,https://www.facebook.com/WarsztatyKultury/,2022-05-11T00:00:00Z,http://warsztatykultury.pl/,e.orzeszko@warsztatykultury.pl,NA,NA,Lublin,12 paÅºdziernika 2009,NA,12,10,2009,2009-10-12T00:00:00Z,2022,NA Lublin Poland,22.5747275,51.2509458
Zabrze,Leonardo lab,32 231 64 43,NA,https://www.facebook.com/leonardolabpl/,2020-11-14T00:00:00Z,http://www.leonardolab.pl/,info@apagroup.pl,NA,"Roosevelta 40, 41-800",Zabrze,4 grudnia 2017,"Co Å‚Ä…czy inÅ¼ynieriÄ™, medycynÄ™, psychologiÄ™, socjologiÄ™, architekturÄ™, design? CzÅ‚owiek. Dlatego nauka, to pojÄ™cie interdyscyplinarne.",4,12,2017,2017-12-04T00:00:00Z,2020,"Roosevelta 40, 41-800 Zabrze Poland",18.7784187,50.296388
Czerniec,Permakultura farma Czerniec,662 126 383,aktywny,https://www.facebook.com/Permakultura-Farma- Czerniec-299926226881437/,2022-05-07T00:00:00Z,http://farmaczerniec.pl/,czerniec@op.pl,NA,NA,Czerniec,12 listopada 2014,"Zdrowe, permakulturowe (ultra ekologiczne) jedzenie produkowane na farmie dbajÄ…cej o ekosystem.
Mleko krÃ³wek rasy Jersey A2/A2 (nie uczula) i owcze, sery, jogurty, Å›mietana, masÅ‚o, kefiry.
Warzywa bez chemikaliÃ³w na Å¼ywym kompoÅ›cie",12,11,2014,2014-11-12T00:00:00Z,2022,NA Czerniec Poland,20.4091116,49.5610429
NA,Amatorski warsztat domowy,-,nieaktywny,https://www.facebook. com/AmatorskiWarsztatDomowy/,2017-04-20T00:00:00Z,https://warsztat-domowy.pl/,warsztat@warsztat-domowy.pl,NA,NA,Izabelin,22 czerwca 2012,"Domowy warsztat to miejsce, w ktÃ³rym dzieje siÄ™ wiele. To jest miejsce realizacji pasji, doskonalenia umiejÄ™tnoÅ›ci, trenowania charakteru.
Domowy warsztat to miejsce tajemnicze, magiczne. Owiane magiÄ… Å›wiecÄ…cych narzÄ™dzi i pyÅ‚u drewnianego.
To miejsce, ktÃ³re przyciÄ…ga wszystkich jednoczeÅ›nie budzÄ…c w nich respekt.
To miejsce w ktÃ³rym powstajÄ… piÄ™kne i uÅ¼yteczne rzeczy.
Tu teÅ¼ chÄ™tnie spÄ™dzamy czas na hartowaniu swojego ducha, doskonaleniu umiejÄ™tnoÅ›ci.
Warsztat domowy to sposÃ³b na peÅ‚ne, bogate i ciekawe Å¼ycie.",22,6,2012,2012-06-22T00:00:00Z,2017,NA Izabelin Poland,20.8299999,52.3
Warszawa,Otwarta pracownia cyfrowa,889 981 780,nieaktywny,https://www.facebook.com/otwartapracowniacyfrowa/,2017-02-06T00:00:00Z,http://adhoc.org.pl/opc/,fundacja@adhoc.org.pl,NA,"BysÅ‚awska 79A/14, 04-933",Warszawa,22 marca 2014,"Otwarta Pracownia Cyfrowa to wyjÄ…tkowe miejsce na mapie Wawra, trochÄ™ sprzÄ™tu komputerowego oraz wybuchowa mieszanka entuzjazmu i pozytywnej energii.
Promujemy nowoczesne technologie poprzez interesujÄ…ce projekty wychodzÄ…ce naprzeciw oczekiwaniom i potrzebom mieszkaÅ„cÃ³w. Organizujemy zajÄ™cia komputerowe dla dzieci, mÅ‚odzieÅ¼y, dorosÅ‚ych i seniorÃ³w.
Nasze podstawowe zasady to elastycznoÅ›Ä‡ â€“ sÅ‚uchanie i branie pod uwagÄ™ zarÃ³wno potrzeb uczestnikÃ³w, jak pomysÅ‚Ã³w prowadzÄ…cych zajÄ™cia, oraz niepobieranie opÅ‚at od uczestnikÃ³w. Cieszy nas, Å¼e wokÃ³Å‚ Pracowni tworzy siÄ™ spoÅ‚ecznoÅ›Ä‡, Å¼e przyciÄ…gamy ludzi, ktÃ³rzy nie tylko chcÄ… skorzystaÄ‡ z naszej oferty, ale teÅ¼ dzieliÄ‡ siÄ™ wiedzÄ… i prowadziÄ‡ nieodpÅ‚atne zajÄ™cia dla innych. Chcemy, by Pracownia byÅ‚a miejscem otwartym dla wszystkich, gdzie kaÅ¼dy moÅ¼e realizowaÄ‡ swoje idee. W tym roku, dziÄ™ki dotacji z programu â€Aktywna warszawska mÅ‚odzieÅ¼â€, oferujemy mini-granty dla grup mÅ‚odzieÅ¼owych na realizacjÄ™ projektÃ³w wykorzystujÄ…cych nowe technologie na rzecz lokalnej spoÅ‚ecznoÅ›ci. Poza finansowym wsparciem zapewniamy opiekÄ™ mentorÃ³w, szkolenia oraz miejsce i sprzÄ™t potrzebny na realizacjÄ™ inicjatyw",22,3,2014,2014-03-22T00:00:00Z,2017,"BysÅ‚awska 79A/14, 04-933 Warszawa Poland",21.2052656,52.1601787
Bytom,Krystyna FabLab MakerSpace,720 120 720,NA,https://www.facebook.com/Krystyna-FabLab- MakerSpace-1824346971118090/,2021-08-08T00:00:00Z,NA,fajna@fajna.eu,NA,"ZabrzaÅ„ska 7K, 41-907",Bytom,9 paÅºdziernika 2016,NA,9,10,2016,2016-10-09T00:00:00Z,2021,"ZabrzaÅ„ska 7K, 41-907 Bytom Poland",18.9085622,50.340356
Warszawa,RÄ™koczyn,533 998 963,NA,https://www.facebook.com/rekoczynny/,2022-05-11T00:00:00Z,http://rekoczyn.org/,rekoczynny@gmail.com,NA,NA,Warszawa,17 marca 2016,"â€œRÄ™koczyn"" dawniej oznaczaÅ‚o: rÄ™kodzieÅ‚o, pracÄ™ rÄ™cznÄ…, manufakturÄ™. WspÃ³Å‚czeÅ›nie nieco odeszliÅ›my od tej definicji.., ale nadszedÅ‚ czas, Å¼eby do niej wrÃ³ciÄ‡! :)
RÄ™koczyn to wspÃ³lna inicjatywa nieformalnej grupy majsterkowiczÃ³w i OÅ›rodka Kultury Ochoty. RÄ™koczyn to warsztat otwarty, laboratorium majsterkowania i twÃ³rczych pomysÅ‚Ã³w. PrzestrzeÅ„ do pracy i atmosfera stworzona do tego, Å¼eby wydobywaÄ‡ pokÅ‚ady kreatywnoÅ›ci, tworzyÄ‡ rzeczy Å‚adne i praktyczne od podstaw. Naszym celem jest pomagaÄ‡ i inspirowaÄ‡ tych, ktÃ³rzy teÅ¼ chcÄ… tworzyÄ‡, ale nie wiedzÄ…, jak siÄ™ za to zabraÄ‡.
RÄ™koczyn to:
* zajÄ™cia dla dzieci, ktÃ³re prowadzÄ… niezwykÅ‚e ekozwierzaki
* warsztaty dla dorosÅ‚ych - stolarka, projektowanie, majsterkowanie
* projekty autorskie - tworzenie, testowanie, pomoc ekspercka",17,3,2016,2016-03-17T00:00:00Z,2022,NA Warszawa Poland,21.0122287,52.2296756
Zielona gÃ³ra,Fabryka Pasji,NA,NA,https://www.facebook.com/FundacjaFabrykaPasji/,2020-03-20T00:00:00Z,https://fabrykapasji.org/,kontakt@fabrykapasji.org,NA,"Leona WyczÃ³Å‚kowskiego 79, 65-140",Zielona gÃ³ra,3 lutego 2015,"Witaj na stronie Fabryki Pasji - nowego zielonogÃ³rskiego Fab Labu! U nas moÅ¼esz realizowaÄ‡ swoje pasje, zlecenia, rozwijaÄ‡ swojÄ… firmÄ™.
Na prawie 300m2 masz do dyspozycji kilka pracowni wyposaÅ¼onych w sprzÄ™t do majsterkowania. Mamy stolarniÄ™, Å›lusarniÄ™, pracowniÄ™ elektronicznÄ…, warsztat druku 3d, serwis rowerowy, studio fotograficzne i ciÄ…gle siÄ™ rozwijamy :)
JesteÅ› majsterkowiczem? Wpadnij do nas
",3,2,2015,2015-02-03T00:00:00Z,2020,"Leona WyczÃ³Å‚kowskiego 79, 65-140 Zielona gÃ³ra Poland",15.4618306,51.9371823
WrocÅ‚aw,Tworzywo,517 187 946,nieaktywny,https://www.facebook.com/fundacjatworzywo/,2015-12-14T00:00:00Z,NA,tworzywowroclaw@gmail.com,NA,NA,WrocÅ‚aw,2 marca 2015,"Miejsce otwarte wyposaÅ¼one w podstawowe narzÄ™dzia i maszyny aby przeprowadziÄ‡ proces tworzenia ""prawie wszystkiego""",2,3,2015,2015-03-02T00:00:00Z,2015,NA WrocÅ‚aw Poland,17.0385376,51.1078852
WrocÅ‚aw,Materia,517 187 946,nieaktywny,https://www.facebook.com/materiatech/,2020-03-07T00:00:00Z,NA,materiawroclaw@gmail.com,NA,NA,WrocÅ‚aw,14 listopada 2015,"Materia Fab Lab to otwarta pracownia, w ktÃ³rej moÅ¼esz wynajÄ…Ä‡ pomieszczenie, wykupiÄ‡ abonament lub wziÄ…Ä‡ udziaÅ‚ w warsztatach rzemieÅ›lniczych.
Specjalizujemy siÄ™ w stolarce, obrÃ³bce metalu, szyciu, dzierganiu, fotografii, malowaniu i innych artystycznych dziedzinach.
JeÅ›li szukasz miejsca do dziaÅ‚ania lub ludzi, z ktÃ³rymi chcesz wspÃ³Å‚tworzyÄ‡ projekty wpadnij do nas na dni otwarte w kaÅ¼dÄ… Å›rodÄ™ od 18-20 :)",14,11,2015,2015-11-14T00:00:00Z,2020,NA WrocÅ‚aw Poland,17.0385376,51.1078852
ToruÅ„,FabLab Majstrownia ToruÅ„,-,NA,https://www.facebook.com/majstrownia/,2017-06-04T00:00:00Z,NA,fundacja.majstrownia@gmail.com,NA,NA,ToruÅ„,12 lutego 2016,"Idea FabLabu kompletnie zainfekowaÅ‚a nasze gÅ‚owy i zamarzyÅ‚o nam siÄ™, Å¼eby takÄ… wÅ‚aÅ›nie przestrzeÅ„ stworzyÄ‡ w Toruniu.
Przede wszystkim chcemy wyremontowaÄ‡ i wyposaÅ¼yÄ‡ miejsce, w ktÃ³rym kaÅ¼dy Torunianin bÄ™dzie mÃ³gÅ‚ realizowaÄ‡ swoje hobby i projekty prac rÄ™cznych. Nie waÅ¼ne czy chodzi o robienie na drutach, zbicie sobie pÃ³Å‚ki, czy wydrukowanie figurki 3D.
Pragniemy organizowaÄ‡ warsztaty, na ktÃ³rych bÄ™dzie moÅ¼na nauczyÄ‡ siÄ™ wielu umiejÄ™tnoÅ›ci przez niektÃ³rych pewnie postrzeganych jako dziwne lub niepotrzebne, ale teÅ¼ takich, ktÃ³re przydadzÄ… siÄ™ w codziennym Å¼yciu.
Na tym profilu bÄ™dziemy informowaÄ‡ Was o naszych postÄ™pach, konsultowaÄ‡ swoje plany i pomysÅ‚y i chwaliÄ‡ siÄ™ osiÄ…gniÄ™ciami.
",12,2,2016,2016-02-12T00:00:00Z,2017,NA ToruÅ„ Poland,18.5984437,53.0137902
GdaÅ„sk,Cumy,790 739 493,NA,https://www.facebook.com/cumy.stocznia,2022-04-23T00:00:00Z,"
https://www.meetup.com/pl-PL/cumy-open-workshop-gdansk/
",cumy.stocznia@gmail.com,NA,"Doki 1, 80-958",GdaÅ„sk,21 listopada 2019,"CUMY to warsztat otwarty w bardzo elastycznych godzinach. Tworzymy grupÄ™ przedsiÄ™biorcÃ³w i hobbystÃ³w - popracujesz tu o 7 rano i 7 wieczorem. Rozwijamy swÃ³j biznes jak i pasje! MoÅ¼esz nas odwiedziÄ‡ na kilka godzin, lub zostaÄ‡ na parÄ™ miesiÄ™cy",21,11,2019,2019-11-21T00:00:00Z,2022,"Doki 1, 80-958 GdaÅ„sk Poland",18.6490071,54.3599311
Radom,FabLab Radom,NA,aktywny,http://www.fundacjakreatywnychinnowacji.org/fablab/,2020-08-31T00:00:00Z,http://www.fablab.radom.pl/,fundacjakreatywnychinnowacji@gmail.com,NA,NA,Radom,30 lipca 2020,"FabLab Radom gromadzi rÃ³Å¼norodnych ludzi, chcÄ…cych dzieliÄ‡ siÄ™ z innymi swoimi umiejÄ™tnoÅ›ciami, pasjami oraz doÅ›wiadczeniem.
Tworzymy miejsce peÅ‚ne synergii, przyjazne pracy grupowej, gdzie powstaje innowacja..",30,7,2020,2020-07-30T00:00:00Z,2020,NA Radom Poland,21.1471333,51.40272359999999
KrakÃ³w,Makerspace KrakÃ³w,509 223 990,aktywny,https://www.facebook.com/makerspacekrakow,2022-05-11T00:00:00Z,http://makerspacekrakow.com/,makerspacekrk@gmail.com,NA,"ObroÅ„cÃ³w Modlina 5/223, 30-733",KrakÃ³w,22 lipca 2019,"PrzestrzeÅ„, narzÄ™dzia, materiaÅ‚y oraz plotery laserowe do Twojego uÅ¼ytku. Uczymy obsÅ‚ugi i pomagamy przy projektach. OdwiedÅº nas i zobacz co mamy do zaoferowania :)",22,7,2019,2019-07-22T00:00:00Z,2022,"ObroÅ„cÃ³w Modlina 5/223, 30-733 KrakÃ³w Poland",20.0085866,50.0375099
KrakÃ³w,FabLab KrakÃ³w,690 809 111,aktywny,https://www.facebook.com/FabLabKrakow/,2022-05-02T00:00:00Z,"
https://fablabkrakow.pl/",kontakt@fablabkrakow.pl,NA,"Osiedle Urocze 11, 31-953",KrakÃ³w,26 maja 2017,"WspÃ³lnymi siÅ‚ami budujemy FabLab KrakÃ³w. Miejsce gdzie spotykajÄ… siÄ™ ludzie zaraÅ¼eni fascynacjÄ… budowania. Zajmujemy siÄ™ wszystkim co tylko wpadnie nam w rÄ™ce. W tej chwili nasze ulubione zajÄ™cia to:

Wycinanie kompletnie przypadkowych rzeczy na laserze CO2 ze sklejki, kartonu i tworzyw sztucznych.

Prototypowanie urzÄ…dzeÅ„ elektronicznych - bazujÄ…c na Arduino, Raspberry Pi lub z czego popadnie.

OstroÅ¼ne eksperymenty z maszynami do szycia.

Ä†wiczenia cierpliwoÅ›ci przy druku 3D.

Organizowanie warsztatÃ³w o rÃ³Å¼norodnej tematyce",26,5,2017,2017-05-26T00:00:00Z,2022,"Osiedle Urocze 11, 31-953 KrakÃ³w Poland",20.037558400000002,50.07889290000001
Warszawa,MÄ™ska Szopa Wola,735 599 931,aktywny,https://www.facebook.com/meskaszopawola,2022-05-11T00:00:00Z,https://wck-wola.pl/nasze-miejsca/meska-szopa/,a.kadenaci@wck-wola.pl,NA,NA,Warszawa,23 sierpnia 2019,"MÄ™ska Szopa jest sÄ…siedzkim warsztatem stolarskim. To juÅ¼ czwarta tego rodzaju placÃ³wka, ktÃ³ra powstaÅ‚a w Polsce we wspÃ³Å‚pracy ze szwedzkÄ… sieciÄ… multimarketÃ³w Jula. Nasza MÄ™ska Szopa jest inspirowana sieciÄ… Menâ€™s Shed, ktÃ³ra powstaÅ‚a i funkcjonuje w Australii. Tego typu warsztaty dziaÅ‚ajÄ… z powodzeniem takÅ¼e w innych krajach m.in. w Wielkiej Brytanii czy Holandii. Majsterkowicze z najbliÅ¼szej okolicy mogÄ… w nich bezpÅ‚atnie korzystaÄ‡ z narzÄ™dzi i realizowaÄ‡ wspÃ³lne projekty. Niech nie zwiedzie was nazwa tego miejsca. MÄ™skie Szopy to przestrzeÅ„ dla wszystkich â€“ pÅ‚eÄ‡ i wiek nie majÄ… znaczenia. KaÅ¼dy mieszkaniec moÅ¼e skorzystaÄ‡ ze specjalistycznego sprzÄ™tu stolarskiego i wykonaÄ‡ na miejscu to, co sobie wymarzy. MoÅ¼na zbudowaÄ‡ coÅ› od podstaw, naprawiÄ‡ lub przerobiÄ‡ gotowy sprzÄ™t zgodnie z potrzebami. KaÅ¼dy uÅ¼ytkownik moÅ¼e dostaÄ‡ teÅ¼ wsparcie wolontariuszy i wolontariuszek, ktÃ³rzy peÅ‚niÄ… dyÅ¼ury w MÄ™skiej Szopie. Nasze ekspertki i nasi eksperci doradzÄ… oraz pomogÄ… w obsÅ‚udze dostÄ™pnych narzÄ™dzi.

MÄ™ska Szopa to coÅ› wiÄ™cej niÅ¼ przestrzeÅ„ do prac stolarskich. Chcemy, Å¼eby mieszkaÅ„cy podczas wizyty w naszym warsztacie mogli nawiÄ…zywaÄ‡ nowe relacje i integrowaÄ‡ siÄ™. WspÃ³lna praca zachÄ™ca do wymiany umiejÄ™tnoÅ›ci i doÅ›wiadczeÅ„, co moÅ¼e zaowocowaÄ‡ realizacjÄ… wspÃ³lnych pomysÅ‚Ã³w wpÅ‚ywajÄ…cych pozytywnie na jakoÅ›Ä‡ Å¼ycia lokalnej spoÅ‚ecznoÅ›ci. MÄ™ska Szopa peÅ‚ni teÅ¼ rolÄ™ platformy przywracajÄ…cej pamiÄ™Ä‡ o robotniczej historii Woli i dziedzictwie wielopokoleniowych zakÅ‚adÃ³w rzemieÅ›lniczych, ktÃ³re do tej pory funkcjonujÄ… na terenie naszej dzielnicy.

WaÅ¼nym celem dziaÅ‚alnoÅ›ci MÄ™skiej Szopy jest aktywizacja mÄ™Å¼czyzn, ktÃ³rzy przeszli na emeryturÄ™. Kluby Seniora i Uniwersytetu Trzeciego Wieku sÄ… Å›rodowiskami silnie sfeminizowanymi, poniewaÅ¼ ich oferta lepiej trafia w potrzeby kobiet. Przy wspÃ³Å‚pracy z organizacjami seniorskimi z Woli bÄ™dziemy zapraszaÄ‡ mÄ™Å¼czyzn 60+ do korzystania z MÄ™skiej Szopy i dzielenia siÄ™ swoimi umiejÄ™tnoÅ›ciami technicznymi z innymi mieszkaÅ„cami.

Istnieje moÅ¼liwoÅ›Ä‡ bezpÅ‚atnego uÅ¼yczenia przestrzeni MÄ™skiej Szopy na potrzeby dziaÅ‚aÅ„ spoÅ‚ecznych dla grup zorganizowanych, ktÃ³re zapewniÄ… wÅ‚asnego eksperta w zakresie stolarstwa. W tej sprawie proszÄ™ siÄ™ skontaktowaÄ‡ z koordynatorem MÄ™skiej Szopy.",23,8,2019,2019-08-23T00:00:00Z,2022,NA Warszawa Poland,21.0122287,52.2296756
Warszawa,Makerspace @UW,22 554 07 35,aktywny,NA,2022-05-11T00:00:00Z,http://makerspace.uw.edu.pl/pl/,makerspace@uw.edu.pl,NA,Pasteura 5,Warszawa,NA,"Makerspace@UW to nie tylko przestrzeÅ„ WydziaÅ‚u Fizyki Uniwersytetu Warszawskiego, ale i spoÅ‚ecznoÅ›Ä‡ oraz sposÃ³b myÅ›lenia. W tym przedsiÄ™wziÄ™ciu pomaga nam zespÃ³Å‚ Inkubatora UW z ktÃ³rym mamy wiele wspÃ³lnych celÃ³w. Nasza inicjatywa jest skierowana do wszystkich osÃ³b spoÅ‚ecznoÅ›ci Uniwersytetu Warszawskiego i Warszawskiego Uniwersytetu Medycznego, ktÃ³re chciaÅ‚yby robiÄ‡ w swoim Å¼yciu coÅ› wiÄ™cej. Na pewno odnajdÄ… siÄ™ tu aspirujÄ…cy twÃ³rcy, praktycy, pasjonaci nowych technologii ale teÅ¼ osoby poszukujÄ…ce dopiero swojej pasji. Mamy nadziejÄ™, Å¼e Makespace@UW bÄ™dzie nas stymulowaÄ‡ do wspÃ³lnego dziaÅ‚ania, w wyniku czego powstanie wiele ciekawych projektÃ³w i inicjatyw. Nasza dziaÅ‚alnoÅ›Ä‡ jest efektem realizacj projektu Centrum Nowych Technologii â€˜Ochotaâ€™ â€“ drugi etap budowy budynku WydziaÅ‚u Fizyki Uniwersytetu Warszawskiego (CeNT II.2).",NA,NA,NA,2017-03-01T00:00:00Z,2022,Pasteura 5 Warszawa Poland,20.9826522,52.2125339
GdaÅ„sk,Stowarzyszenie RobotykÃ³w SKALP,795 386 973,aktywny,https://www.facebook.com/SRSKALP/,2022-05-11T00:00:00Z,https://srskalp.pl/,info@srskalp.pl,NA,"Trzy Lipy 3, 80-172",GdaÅ„sk,24 marca 2018,"Stowarzyszenie RobotykÃ³w SKALP to interdyscyplinarna organizacja non profit, majÄ…ca na celu promocjÄ™ robotyki, edukacjÄ™ zwiÄ…zanÄ… z nowoczesnymi technologiami oraz wspieranie spoÅ‚ecznoÅ›ci w realizowaniu projektÃ³w zwiÄ…zanych z min. robotykÄ… i automatykÄ…, nowoczesnymi metodami produkcji oraz przemysÅ‚em kosmicznym. Obecnie zrzeszamy byÅ‚ych jak i obecnych studentÃ³w Politechniki GdaÅ„skiej, jesteÅ›my jednak odrÄ™bnym, samodzielnym bytem. Obecnie czÅ‚onkowie SR SKALP realizujÄ… nastÄ™pujÄ…ce projekty:
- Opracowanie Autonomicznego robota rolniczego
- Budowa stacji radiowej do nasÅ‚uchu satelitÃ³w
- Budowa stanowiska robota przemysÅ‚owego z algorytmami sztucznej inteligencji
- Budowa ramienia robotycznego sterowanego falami mÃ³zgowymi
- Organizacja najwiÄ™kszego na pomorzu turnieju robotycznego ""BaÅ‚tyckie Bitwy RobotÃ³w""
- ZajÄ™cia dla dzieci z nauki lutowania i budowy pierwszego robota
- Serie szkoleÅ„ i warsztatÃ³w z zakresu projektowania, programowania, zarzÄ…dzania, metod wytwarzania oraz obsÅ‚ugi maszyn CNC
Jako Stowarzyszenie posiadamy wÅ‚asnÄ… przestrzeÅ„ warsztatowÄ…. Staramy siÄ™ rÃ³wnieÅ¼ wspieraÄ‡ najbardziej ambitne projekty studenckie udostÄ™pniajÄ…c zespoÅ‚om przestrzeÅ„ do pracy, wiedzÄ™ i doÅ›wiadczenie naszych czÅ‚onkÃ³w oraz, w ramach ograniczonego budÅ¼etu, wsparcie finansowe. Zadania ktÃ³re chcemy realizowaÄ‡ stajÄ… siÄ™ coraz bardziej wymagajÄ…ce. KoniecznoÅ›Ä‡ utrzymania warsztatu oraz inwestycji w jego rozwÃ³j, jak rÃ³wnieÅ¼ koszty zwiÄ…zane z realizacjÄ… projektÃ³w wymuszajÄ… na nas zachowanie pÅ‚ynnoÅ›ci finansowej. Dlatego teÅ¼ aktywnie poszukujemy partnerÃ³w wspierajÄ…cych naszÄ… inicjatywÄ™.
W ramach wspÃ³Å‚pracy oferujemy aktywnÄ… promocjÄ™ wizerunku partnera podczas wydarzeÅ„ w ktÃ³rych bierzemy udziaÅ‚ oraz w tych ktÃ³re sÄ… przez nas organizowane. MoÅ¼emy rÃ³wnieÅ¼ zaoferowaÄ‡ szkolenia dla przedstawicieli firm, np. nauka lutowania czy budowa nieduÅ¼ego robota dla zainteresowanych pracownikÃ³w. Mamy teÅ¼ doÅ›wiadczenie z pokazami naszych konstrukcji (np. Å‚azik marsjaÅ„ski LEM) podczas imprez firmowych.
Jako Stowarzyszenie robotykÃ³w stawiamy sobie nieÅ‚atwy cel: stworzyÄ‡ przestrzeÅ„, w ktÃ³rej kreatywne osoby bÄ™dÄ… mogÅ‚y siÄ™ rozwijaÄ‡ wraz ze swoimi projektami. PrzestrzeÅ„ ktÃ³ra bÄ™dzie poÅ›redniczyÅ‚a pomiÄ™dzy najbardziej aktywnymi studentami, a organizacjami poszukujÄ…cymi dobrych pracownikÃ³w. W koÅ„cu przestrzeÅ„ ktÃ³ra bÄ™dzie wprowadzaÅ‚a mÅ‚ode osoby w zawiÅ‚oÅ›ci zwiÄ…zane z nowoczesnymi technologiami.
W razie zainteresowania lub chÄ™ci wspÃ³Å‚pracy prosimy o kontakt, chÄ™tnie udzielimy wszelkich informacji i odpowiemy na wszystkie pytania.",24,3,2018,2018-03-24T00:00:00Z,2022,"Trzy Lipy 3, 80-172 GdaÅ„sk Poland",18.5935691,54.3546914
Warszawa,Projekt Pracownie,-,aktywny,https://www.facebook.com/ProjektPracownie/,2022-05-11T00:00:00Z,http://www.projektpracownie.pl/,kontakt@projektpracownie.pl,NA,NA,Warszawa,31 lipca 2017,"Projekt Pracownie to inicjatywa grupy miÅ‚oÅ›nikÃ³w rzemiosÅ‚a. Pokazujemy warsztaty i opowiadamy historie osÃ³b, ktÃ³re prowadzÄ… dziaÅ‚alnoÅ›Ä‡ rzemieÅ›lniczÄ…. ZachÄ™camy innych do pogÅ‚Ä™biania wiedzy na temat tradycyjnych metod wytwarzania. Zawody mogÄ… ginÄ…Ä‡, opowieÅ›ci zostajÄ…. My gorÄ…co wierzymy, Å¼e moÅ¼na zachowaÄ‡ jedne i drugie. BÄ…dÅºcie z nami, przysyÅ‚ajcie namiary na znane pracownie, zgÅ‚aszajcie swoje warsztaty! Podsycajmy zainteresowanie rzemiosÅ‚em i stwÃ³rzmy wspierajÄ…cÄ… rzemieÅ›lnikÃ³w spoÅ‚ecznoÅ›Ä‡.",31,7,2017,2017-07-31T00:00:00Z,2022,NA Warszawa Poland,21.0122287,52.2296756
Warszawa,ArtLab,-,aktywny,https://www.facebook.com/ArtLabCWR,2022-05-07T00:00:00Z,https://www.artlab.centrumwspieraniarodzin.pl/artlab/,artlab@rodzinnawarszawa.pl,NA,"Stara 4, 00-231",Warszawa,25 marca 2022,ArtLab powstaÅ‚ z pasji do sztuki i rzemiosÅ‚a artystycznego. To tutaj mieszkaÅ„cy Warszawy w trakcie bezpÅ‚atnych zajÄ™Ä‡ mogÄ… sprÃ³bowaÄ‡ swoich siÅ‚ podczas licznych warsztatÃ³w tematycznych.,25,3,2022,2022-03-25T00:00:00Z,2022,"Stara 4, 00-231 Warszawa Poland",21.010935,52.25295209999999
Warszawa,FabLab Kamera Akcja!,574 164 265,aktywny,https://www.facebook.com/tvmlodziezowa,2022-04-27T00:00:00Z,https://www.mlodziezowa.tv/fablab-kamera-akcja/,studio@rodzinnawarszawa.pl,NA,"Korkowa, 119/123",Warszawa,1 kwietnia 2016,NA,1,4,2016,2016-04-01T00:00:00Z,2022,"Korkowa, 119/123 Warszawa Poland",21.1470451,52.2385853
Warszawa,FabLab Pobite Gary!,536 100 009,aktywny,https://www.facebook.com/FabLab-Pobite-Gary-1081166535424848,2022-05-06T00:00:00Z,http://fablabpobitegary.centrumwspieraniarodzin.pl/fablab-pobite-gary/,fablabpobitegary@rodzinnawarszawa.pl,NA,BÅ‚Ä™kitna 32,Warszawa,18 marca 2019,"JesteÅ›my FabLabem muzycznym, ktÃ³ry nieodpÅ‚atnie udostÄ™pnia Warszawiakom instrumenty oraz studio nagraniowe. Organizujemy warsztaty i zajÄ™cia dla dzieci. Zapraszamy do kontaktu grupy zorganizowane i nie tylko",18,3,2019,2019-03-18T00:00:00Z,2022,BÅ‚Ä™kitna 32 Warszawa Poland,21.1512101,52.2202049
Bydgoszcz,MÅ‚yny Rothera,887 467 015,aktywny,https://www.facebook.com/MlynyRothera,2022-05-02T00:00:00Z,https://mlynyrothera.pl/,anna.stempska@mlynyrothera.pl,sekretariat@mlynyrothera.pl,"Mennica 10, 85-112",Bydgoszcz,23 maja 2019,"XIX-wieczny kompleks MÅ‚ynÃ³w Rothera zostaÅ‚ oddany do uÅ¼ytku w kwietniu 2021 r. w stanie â€deweloperskimâ€, trwa aranÅ¼acja i wyposaÅ¼anie wnÄ™trz. MyÅ›lÄ… przewodniÄ… instytucji jest idea dobrego Å¼ycia. W industrialnych przestrzeniach, odzyskanych przez miasto dla mieszkaÅ„cÃ³w po latach popadania w ruinÄ™, znajdÄ… swoje miejsce wÄ…tki poÅ›wiÄ™cone popularyzacji nauki, lokalnemu dziedzictwu i branÅ¼om kreatywnym. BÄ™dzie to m. in. Centrum Wiedzy o MÃ³zgu, pracownie edukacyjne, wystawa o miastotwÃ³rczej roli rzeki ""WÄ™zÅ‚y"", hub kreatywny, archiwum spoÅ‚eczne, coworking czy sklep z designem.W formule tymczasowej odbywajÄ… siÄ™ tu juÅ¼ pierwsze wydarzenia â€“ wystawy, koncerty, warsztaty, a zabytkowa przestrzeÅ„, wraz z informacjÄ… i punktem widokowym, codziennie jest otwarta dla wszystkich",23,5,2019,2019-05-23T00:00:00Z,2022,"Mennica 10, 85-112 Bydgoszcz Poland",17.9954847,53.1223033
Warszawa,ReStore Lab,577 444 906,aktywny,https://www.facebook.com/ReStorePoland,2022-05-11T00:00:00Z,http://www.restore.org.pl/,jmatla@habitat.pl,jmatla@habitat.pl,"Åojewska 12, 03-392",Warszawa,20 sierpnia 2018,"ReStore Lab â€“ warsztat stolarski, w ktÃ³rym realizowane sÄ… programy rzemieÅ›lnicze oraz kreatywne zajÄ™cia.",20,8,2018,2018-08-20T00:00:00Z,2022,"Åojewska 12, 03-392 Warszawa Poland",21.0372017,52.2959527
PuÅ‚awy,"FABLAB ""L"" LUBELSKIE",792 050 716,aktywny,NA,NA,fablabl.pl,robert@fablabl.pl,core@fablabl.pl,MoÅ›cickiego 1,PuÅ‚awy,NA,"asza inicjatywa wpisuje siÄ™ w tworzÄ…cy siÄ™ intensywnie ruch/nurt â€Makerspaceâ€ i TwÃ³rczoÅ›Ä‡ DIY. Chcemy stworzyÄ‡ miejsce, w ktÃ³rym prÃ³cz przestrzeni twÃ³rczej bÄ™dziemy mieÄ‡ rÃ³wnieÅ¼ bazÄ™ narzÄ™dzi. Pragniemy mieÄ‡ wpÅ‚yw na to, co posiadamy: tworzyÄ‡ rzeczy uÅ¼yteczne i piÄ™kne. KaÅ¼dy z nas ma inne zainteresowania i innÄ… wizjÄ™, ale Å‚Ä…czy nas postawa niezadowolenia na zastanÄ… rzeczywistoÅ›Ä‡. Nie zgadzamy sie na galopujÄ…cy konsumpcjonizm, zalew tandetnej chiÅ„szczyzny, dyktat reklamy. Chcemy aktywnie tworzyÄ‡ swoje dalsze i bliÅ¼sze otoczenie. Mamy zamiar odtwarzaÄ‡ stare i sprawdzone technologie i umiejÄ™tnoÅ›ci, oraz tworzyÄ‡ i testowaÄ‡ nowe rozwiÄ…zania. Pragniemy siÄ™ uczyÄ‡ i szeroko dzieliÄ‡ naszÄ… wiedzÄ…: tÄ… ktÃ³rÄ… mamy i tÄ… ktÃ³rÄ… nabÄ™dziemy. JesteÅ›my otwarci na wiedzÄ™.

Pojedynczo nie jesteÅ›my w stanie wyposaÅ¼yÄ‡ i stworzyÄ‡ odpowiedniego warsztatu, ale razem damy radÄ™. WspÃ³lnie jesteÅ›my bardziej twÃ³rczy i mamy wiÄ™kszÄ… wiedzÄ™.

Chcemy stworzyÄ‡ spoÅ‚ecznoÅ›Ä‡ ludzi twÃ³rczych, zainteresowanych nowymi formami wspÃ³Å‚Å¼ycia miejskiego, jak pewna forma wspÃ³Å‚wÅ‚asnoÅ›ci i wspÃ³Å‚-korzystania (przestrzeÅ„, wyposaÅ¼enie warsztatu), samorozwÃ³j polegajÄ…cy na czerpaniu wiedzy od siebie nawzajem i wymianie intelektualnej.",NA,NA,NA,NA,NA,MoÅ›cickiego 1 PuÅ‚awy Poland,21.973437,51.44589
RzeszÃ³w,Hammerland Workshop,501 047 704,NA,NA,2022-01-27T00:00:00Z,hammerland.pl,info@hammerland.pl,NA,"StraÅ¼Ã³w 347, 36-073",Polska,NA,"JesteÅ›my autorskÄ… pracowniÄ…, ktÃ³ra zajmuje siÄ™ projektowaniem oraz produkcjÄ… maÅ‚ej architektury miejskiej, mebli oraz lamp ogrodowych, schodÃ³w stalowych, ogrodzeÅ„, paneli",NA,NA,NA,NA,2022,"StraÅ¼Ã³w 347, 36-073 Polska Poland",22.1190449,50.0627822
Szczecin,Majsterkownia Szczecin,-,NA,https://www.facebook.com/Majsterkownia-Szczecin-114748716569657/,2021-05-20T00:00:00Z,NA,NA,NA,NA,Szczecin,5 wrzeÅ›nia 2019,"
Celem Majsterkowni Szczecin jest stworzenie spoÅ‚ecznego warsztatu, ktÃ³ry bÄ™dzie otwartym miejscem do pracy kreatywnej oraz edukacji ekologicznej w duchu less waste. DoÅ‚Ä…cz do nas jeÅ›li marzysz o majsterkowaniu, ale brakuje Ci miejsca lub narzÄ™dzi",5,9,2019,2019-09-05T00:00:00Z,2021,NA Szczecin Poland,14.5528116,53.4285438
Gliwice,MÄ™ska Szopa Gliwice,-,NA,https://www.facebook.com/meskaszopagliwice/,2022-05-05T00:00:00Z,NA,halo@warsztatmiejski.pl,NA,"PszczyÅ„ska 1, 44-100",Gliwice,18 stycznia 2022,NA,18,1,2022,2022-01-18T00:00:00Z,2022,"PszczyÅ„ska 1, 44-100 Gliwice Poland",18.6682672,50.2896674
Bydgoszcz,MÄ™ska Szopa Bydgoszcz,508 180 843,NA,https://www.facebook.com/meskaszopabydgoszcz/,2022-04-09T00:00:00Z,NA,aktywnywarsztat@gmail.com,NA,"Abrahama 8a, 85-318",Bydgoszcz,2 czerwca 2021,NA,2,6,2021,2021-06-02T00:00:00Z,2022,"Abrahama 8a, 85-318 Bydgoszcz Poland",17.9722751,53.1189354
SÅ‚upsk,MÄ™ska Szopa w SÅ‚upsku,883 988 323,aktywny,https://www.facebook.com/M%C4%99ska-Szopa-w-S%C5%82upsku-271562269943208/,2022-05-11T00:00:00Z,NA,prezes.indygo@gmail.com,NA,"WyspiaÅ„skiego 11, 76-200",SÅ‚upsk,9 lutego 2017,NA,9,2,2017,2017-02-09T00:00:00Z,2022,"WyspiaÅ„skiego 11, 76-200 SÅ‚upsk Poland",17.0243984,54.4690153
Bydgoszcz,Aktywny Warsztat,508 180 843,aktywny,https://www.facebook.com/aktywnywarsztat,2022-05-11T00:00:00Z,https://www.aktywnywarsztat.pl/,aktywnywarsztat@gmail.com,NA,"Abrahama 8a, 85-318",Bydgoszcz,NA,"Fundacja Aktywny Warsztat to przestrzeÅ„ do wspÃ³lnych dziaÅ‚aÅ„, kreatywnoÅ›ci i rozwoju.

StworzyliÅ›my warunki do uaktywniania spoÅ‚ecznoÅ›ci lokalnej w przestrzeni miasta.

WspÃ³Å‚pracujemy z rÃ³Å¼nymi organizacjami pozarzÄ…dowymi, wspÃ³Å‚organizujemy wydarzenia kulturalne.

Aktywny Warsztat jest ciekawÄ… alternatywÄ… zarÃ³wno dla majsterkowiczÃ³w jak i osÃ³b, ktÃ³re lubiÄ… nabywaÄ‡ nowe praktyczne umiejÄ™tnoÅ›ci. 

JeÅ¼eli lubisz poznawaÄ‡ nowe rzeczy, naprawiaÄ‡, odnawiaÄ‡, konstruowaÄ‡ - jest to miejsce dla Ciebie.",NA,NA,NA,2021-06-05T00:00:00Z,2022,"Abrahama 8a, 85-318 Bydgoszcz Poland",17.9722751,53.1189354
BiaÅ‚ystok,HACKLAG,-,nieaktywny,https://www.facebook.com/HacklagHQ/,2020-10-22T00:00:00Z,https://www.hacklag.org/,hello@hacklag.org,NA,"Sienkiewicza 1/1, 15-092",BiaÅ‚ystok,5 stycznia 2016,HACKLAG to spoÅ‚ecznoÅ›Ä‡ majÄ…ca na celu Å‚Ä…czenie entuzjastÃ³w technologii poprzez organizowanie kreatywnych miejsc pracy - a pierwsza jest w BiaÅ‚ymstoku!,5,1,2016,2016-01-05T00:00:00Z,2020,"Sienkiewicza 1/1, 15-092 BiaÅ‚ystok Poland",23.1603962,53.1315993
Warszawa,Elektroteka,NA,aktywny,https://www.facebook.com/elektrotekaotwartywarsztat,2022-05-05T00:00:00Z,http://www.mbddim.pl/,mbddim@bpmokotow.waw.pl,NA,"Tyniecka 40a, 02-621",Warszawa,3 lutego 2022,"ELEKTROTEKA to nowo powstajÄ…ce miejsce dla mieszkaÅ„cÃ³w Warszawy, w ktÃ³rym bÄ™dÄ… mogli dokonaÄ‡ drobnych napraw sprzÄ™tu elektronicznego. To przestrzeÅ„ przyjazna wszystkim miÅ‚oÅ›nikom elektroniki.",3,2,2022,2022-02-03T00:00:00Z,2022,"Tyniecka 40a, 02-621 Warszawa Poland",21.0229811,52.19547559999999
ToruÅ„,Kawiarenka Naprawcza Stajnia,56 657 60 85,aktywny,https://www.facebook.com/Kawiarenka-Naprawcza-Stajnia-115054453278961,2022-04-27T00:00:00Z,http://www.szkola-lesna.torun.pl/,biuro@szkola-lesna.torun.pl,NA,"Przysiecka 13, 87-100",ToruÅ„,14 listopada 2019,"Celem Kawiarenki Naprawczej jest naprawa i ponowne wykorzystanie przedmiotÃ³w codziennego uÅ¼ytku oraz nadanie im drugiego Å¼ycia. Istotne jest zawracanie strumienia przedmiotÃ³w, ktÃ³re nie muszÄ… staÄ‡ siÄ™ odpadami. Tym samym chronisz Å›rodowisko.",14,11,2019,2019-11-14T00:00:00Z,2022,"Przysiecka 13, 87-100 ToruÅ„ Poland",18.5409983,53.053543
Warszawa,Otwarty Warsztat Rowerowy,790 450 274,aktywny,https://www.facebook.com/OtwartyWarsztatRowerowy/,2022-05-05T00:00:00Z,https://otwartywarsztatrowerowy.pl/,info@mierzwysoko.org.pl,emilia@mierzwysoko.org.pl,"WolnoÅ›Ä‡ 2, 01-018",Warszawa,2 marca 2018,"Naszym gÅ‚Ã³wnym dziaÅ‚aniem jest recykling rowerÃ³w. MoÅ¼na nam przekazywaÄ‡ w darowiÅºnie rowery w kaÅ¼dym stanie, rozmiarze, kaÅ¼dego rodzaju. Rowery zostanÄ… poddane caÅ‚kowitemu serwisowi albo rozebrane na czÄ™Å›ci, ktÃ³re zostanÄ… wykorzystane do napraw. Rowery w peÅ‚ni sprawne i na 3-miesiÄ™cznej gwarancji moÅ¼na u nas kupiÄ‡ jednoczeÅ›nie wspierajÄ…c dziaÅ‚ania statutowe organizacji. DziÄ™ki temu czÄ™Å›Ä‡ rowerÃ³w trafia do dzieci w programie ""Rower za dobro"", do uchodÅºcÃ³w, osÃ³b w potrzebie a my moÅ¼emy organizowaÄ‡ Wam darmowe warsztaty z naprawiania rowerÃ³w, moÅ¼ecie wpadaÄ‡ i korzystaÄ‡ z naszego otwartego warsztatu, myjni, naprawiaÄ‡ rower przy uÅ¼ycie niedrogich uÅ¼ywanych czÄ™Å›ci. Tyle dobra z nieuÅ¼ywanych rowerÃ³w, ktÃ³re staÅ‚y i niszczaÅ‚y.
Åšwiadczymy teÅ¼ komercyjne usÅ‚ugi dla firm - mobilne serwisy rowerÃ³w dla pracownikÃ³w lub na wydarzenia plenerowe, organizowanie rajdÃ³w rowerowych i lekcji.",2,3,2018,2018-03-02T00:00:00Z,2022,"WolnoÅ›Ä‡ 2, 01-018 Warszawa Poland",20.9841444,52.241117
Bulkowo,PrzestrzeÅ„ kreatywna w Bibliotece Bulkowo,NA,aktywny,NA,2022-05-11T00:00:00Z,https://bulkowo.naszabiblioteka.com/,nemackiewicz@gmail.com,NA,NA,Bulkowo,NA,NA,NA,NA,NA,2020-01-01T00:00:00Z,2022,NA Bulkowo Poland,20.1269182,52.5403939
ToruÅ„,Pracownia CECH,48 721 308 790 / 48 725 222 136,aktywny,NA,NA,https://pracowniacech.pl/,pracowniacech@gmail.com,NA,gen. JÃ³zefa SowiÅ„skiego 1,ToruÅ„,25 kwietnia 2016,NA,NA,NA,NA,NA,NA,gen. JÃ³zefa SowiÅ„skiego 1 ToruÅ„ Poland,18.620819,53.01239580000001
Gdynia,Hub Innowacji Cyfrowych,-,NA,NA,NA,dih4.ai,biuro@dih4.aiwww.dih4.ai,NA,"GdaÅ„ski Park Naukowo Technologiczny ul. Trzy Lipy 3, 80-172 GdaÅ„sk",NA,NA,NA,NA,NA,NA,NA,NA,"GdaÅ„ski Park Naukowo Technologiczny ul. Trzy Lipy 3, 80-172 GdaÅ„sk NA Poland",18.5935692,54.3546914
